시가총액	상장주식수	액면가	매매단위	외국인한도주식수	외국인보유주식수	외국인소진율	투자의견	목표주가	PER_202009	EPS_202009	추정PER	추정EPS	PBR_202009	BPS_202009	배당수익률	동일업종PER	동일업종등락률
"2,091"	46822295	1000	1	46822295	4980434	10.64	NA	NA	NA	-1230	NA	NA	0.69	6446	NA	51.92	1.31
"3,398"	13247561	5000	1	13247561	1013755	7.65	NA	NA	NA	-11544	NA	NA	0.49	52837	NA	63.27	3.47
"4,695"	95716791	1000	1	95716791	7666167	8.01	4	6000	18.44	266	NA	NA	0.31	15772	NA	-27.68	2
"2조 5,062"	17283906	1000	1	17283906	5408587	31.29	3.77	172455	19.15	7570	19.15	7570	3.73	38910	NA	-27.68	2
"1조 9,067"	325935246	5000	1	325935246	124968881	38.34	3.8	7207	3.97	1474	3.75	1562	0.22	26773	NA	4.89	0.72
"1,986"	624615	5000	1	624615	11901	1.91	NA	NA	15.03	21155	NA	NA	0.6	532318	NA	30.14	2.17
"3조 1,803"	29176998	5000	1	29176998	5937467	20.35	3.8	119600	18.11	6020	12.63	8633	0.76	142604	NA	29.15	1.43
"9,688"	35100000	500	1	35100000	1998253	5.69	3.27	24364	NA	-18557	-2.02	-13657	7.04	3923	NA	-18.79	3.6
"3조 7,640"	22812344	5000	1	22812344	4805036	21.06	3.87	210000	29.75	5547	31.36	5261	0.97	170246	NA	11.67	3.18
"1,716"	35930773	500	1	35930773	0	0	NA	NA	48.23	99	NA	NA	2.6	1837	NA	27.45	1.17
"6조 5,787"	15054186	5000	1	15054186	3698591	24.57	4	560882	9.07	48157	8.91	49071	1.26	346067	NA	11.67	3.18
677	1154482	5000	1	1154482	31289	2.71	NA	NA	7.43	7883	NA	NA	0.29	202418	NA	41.1	2.67
"1,654"	201173933	500	1	201173933	4926070	2.45	NA	NA	18.27	45	NA	NA	0.6	1380	NA	25.31	1.67
"2,199"	42446389	5000	1	42446389	3592593	8.46	NA	NA	3.67	1412	NA	NA	0.29	18148	NA	6.3	2.81
"2조 9,736"	70800000	500	1	70800000	29230299	41.29	4	63214	5.35	7850	5.57	7542	0.38	109727	NA	7.1	0.65
"2조 8,149"	44398588	5000	1	44398588	11640983	26.22	4	74000	17.11	3706	NA	NA	3.52	17994	NA	21.24	2.04
"1조 2,077"	169145833	5000	1	169145833	79975042	47.28	3.87	8553	3.64	1960	3.79	1884	0.24	29563	NA	4.89	0.72
"1,429"	19930000	500	1	19930000	356824	1.79	NA	NA	38.55	186	NA	NA	0.38	18723	NA	43.41	4.89
925	16000000	500	1	16000000	267246	1.67	NA	NA	10.57	547	NA	NA	0.57	10055	NA	21.46	3.4
747	14400000	500	1	14400000	508801	3.53	NA	NA	13.66	380	NA	NA	0.51	10192	NA	41.1	2.67
"2,850"	6860000	5000	1	6860000	312984	4.56	NA	NA	4.15	10022	NA	NA	0.24	171763	NA	19.16	1.29
"7,607"	143259000	NA	NA	NA	NA	NA	NA	NA	NA	NA	NA	NA	NA	NA	NA	NA	NA
"1조 5,015"	15400000	500	1	15400000	1478629	9.6	4	124818	17.24	5657	19.31	5049	2.97	32799	NA	30.14	2.17
"9,928"	61855670	500	1	61855670	3909357	6.32	3.88	18813	NA	-215	-17.04	-942	1.91	8420	NA	-25.11	1.1
"3조 5,912"	92915378	5000	1	92915378	17992116	19.36	3.75	50000	NA	-922	-62.04	-623	0.43	90703	NA	-12.33	4.48
"3조 5,765"	80370313	5000	1	80370313	22089977	27.49	4	46525	11.64	3822	8.58	5188	0.86	51747	NA	7.42	4.06
"1,816"	82533764	2500	1	82533764	2485841	3.01	NA	NA	NA	-200	NA	NA	0.49	4510	NA	9.29	5.26
"2조 7,142"	77000000	1000	1	77000000	11405531	14.81	4	48118	16.07	2194	15.12	2332	1.19	29520	NA	-27.68	2
"7,050"	59741721	5000	1	59741721	13155166	22.02	NA	NA	6.67	1768	NA	NA	0.29	40345	NA	7.42	4.06
"1,844"	16460000	500	1	16460000	596596	3.62	NA	NA	NA	-317	NA	NA	1.05	10690	NA	7.42	4.06
"2,249"	31900000	500	1	31900000	2803361	8.79	NA	NA	15.91	443	NA	NA	0.68	10359	NA	43.41	4.89
2조 168	65907330	5000	1	65907330	6773725	10.28	3.92	33269	7.59	4030	7.84	3904	0.76	40352	NA	7.42	4.06
"4조 8,846"	326726323	5000	1	326726323	24482335	7.49	3.8	15000	NA	-310	20.26	738	2.89	5178	NA	111.6	5.52
"2,586"	32947142	1000	1	32947142	523260	1.59	3.33	9567	NA	-394	48.46	162	1.34	5839	NA	-22.81	0.98
"1조 1,484"	196982894	5000	1	196982894	77382000	39.28	3.92	7154	3.32	1756	3.28	1776	0.31	19070	NA	4.89	0.72
"3,515"	15834554	2500	1	15834554	839727	5.3	4	25000	12.57	1766	NA	NA	2.56	8686	NA	99.27	0.31
"6,945"	20920054	2500	1	20920054	1142308	5.46	NA	NA	NA	-1378	NA	NA	3.49	9516	NA	99.27	0.31
"3,615"	66452155	500	1	66452155	2567046	3.86	NA	NA	NA	-427	NA	NA	2.67	2037	NA	99.27	0.31
"18조 7,945"	415807920	5000	1	415807920	276245940	66.44	4	57153	5.51	8198	5.43	8319	0.43	105769	NA	4.89	0.72
"1,227"	22434980	500	1	22434980	633507	2.82	NA	NA	NA	-306	NA	NA	0.7	7792	NA	-30.14	2.68
"1,547"	13000000	500	1	13000000	110910	0.85	NA	NA	NA	-1060	NA	NA	2.56	4645	NA	-30.14	2.68
"3,554"	116706940	500	1	116706940	3513342	3.01	NA	NA	NA	-201	NA	NA	1.72	1770	NA	21.24	2.04
"1조 1,701"	100008897	5000	1	100008897	162599	0.16	NA	NA	14.2	824	NA	NA	1.24	9462	0.85	41.1	2.67
"3,058"	13013232	5000	1	13013232	392669	3.02	NA	NA	29.6	794	NA	NA	0.82	28575	NA	63.27	3.47
"2,707"	18476380	1000	1	18476380	1716707	9.29	NA	NA	5.33	2749	NA	NA	0.26	56017	NA	41.1	2.67
"2,628"	4840000	5000	1	4840000	1430882	29.56	4	69000	4.85	11190	NA	NA	0.52	104581	NA	63.27	3.47
"2,412"	4224646	5000	1	4224646	1354799	32.07	NA	NA	4.41	12949	NA	NA	0.35	162854	NA	63.27	3.47
953	91661018	500	1	91661018	41979262	45.8	NA	NA	NA	-451	NA	NA	2.3	453	NA	54.34	11.24
"2,539"	23185880	500	1	23185880	2169322	9.36	NA	NA	9.06	1209	NA	NA	0.84	13095	NA	111.6	5.52
"2,334"	60314092	5000	1	60314092	13637916	22.61	NA	NA	4.3	900	NA	NA	0.45	8587	NA	6.3	2.81
"1,018"	42685000	500	1	42685000	3084468	7.23	NA	NA	10.74	222	NA	NA	0.6	3951	NA	25.05	1.32
"1,027"	34802000	500	1	34802000	1675383	4.81	NA	NA	10.21	289	NA	NA	0.57	5219	NA	25.05	1.32
"4,313"	29240000	5000	1	29240000	6742614	23.06	4	24000	10.43	1414	9.09	1623	0.35	42616	NA	30.14	2.17
"17조 7,734"	172557131	5000	1	172557131	60130642	34.85	4	120750	14.56	7074	10.55	9759	0.88	116777	NA	29.15	1.43
"7조 5,141"	357815700	5000	1	357815700	84865125	23.72	3.9	21480	NA	-6872	-14.26	-1473	0.69	30549	NA	-3.27	1.43
1조 814	38760000	5000	1	38760000	8657742	22.34	4	26083	7.6	3670	3.69	7570	0.72	38555	NA	9.29	5.26
"24조 2,238"	15618197	5000	1	15618197	7121390	45.6	4	1948889	34.75	44633	33.3	46570	5.57	278466	NA	82.47	2.35
"5조 2,612"	436611361	5000	1	213939571	133608424	62.45	4	17974	6.64	1815	7.07	1704	0.69	17390	NA	13.34	0.49
"4조 4,612"	23667107	5000	1	23667107	7599527	32.11	4	215143	34.17	5516	14.65	12867	1.92	98037	NA	61.85	3.56
"24조 2,199"	163647814	5000	1	163647814	56053448	34.25	4	156550	32.15	4604	11.68	12672	1.7	86845	NA	34.66	6.1
"6,923"	8967670	5000	1	8967670	1945878	21.7	3.83	85500	22.25	3470	12.76	6052	0.79	97816	NA	34.12	4.45
"3,756"	77446865	2500	1	37948964	6122322	16.13	3.5	5275	NA	-1126	17.64	275	0.39	12414	NA	-18.79	3.6
"70조 3,806"	70592343	5000	1	70592343	30720314	43.52	4	1065810	93.15	10703	55.75	17884	4.2	237125	NA	63.27	3.47
"7,909"	22000000	5000	1	22000000	1398222	6.36	4	41883	24.72	1454	15.5	2320	1.18	30362	NA	40.99	1.41
"2조 3,087"	32200000	5000	1	32200000	4129331	12.82	4	87889	NA	-72	19.04	3765	0.62	116525	NA	-216.96	3.18
"2,065"	78803016	5000	1	78803016	85349	0.11	NA	NA	NA	-122	NA	NA	0.37	7156	NA	30.14	2.17
"2,343"	30624879	500	1	30624879	812791	2.65	4	9400	23.91	320	26.29	291	1.65	4642	NA	-216.96	3.18
598	7378526	500	1	7378526	59651	0.81	NA	NA	64.88	125	NA	NA	0.91	8878	NA	98	0.9
"50조 5,931"	164263395	100	1	164263395	92852971	56.53	4.04	393958	61.32	5023	60.37	5102	6.93	44439	NA	114.98	2.7
"3조 2,784"	281408887	5000	1	281408887	42641588	15.15	4	13820	5.66	2058	5.71	2040	0.61	19249	NA	6.3	2.81
781	18660000	NA	NA	NA	NA	NA	NA	NA	NA	NA	NA	NA	NA	NA	NA	NA	NA
"6,819"	37882300	500	1	37882300	8853889	23.37	4	28000	260.87	69	NA	NA	0.97	18640	NA	25.05	1.32
938	28600117	500	1	28600117	114798	0.4	NA	NA	12.28	267	NA	NA	0.8	4091	NA	41.1	2.67
"2조 4,684"	23849371	5000	1	23849371	4787267	20.07	4	95200	NA	-30950	-36.52	-2834	0.96	107869	NA	63.27	3.47
"1,160"	7506711	500	1	7506711	184646	2.46	NA	NA	7.09	2179	NA	NA	0.42	36676	NA	-30.14	2.68
"8,335"	14623136	5000	1	14623136	3730567	25.51	4	65125	13.37	4262	11.9	4789	1.04	54960	NA	43.41	4.89
"2,048"	33252697	2500	1	33252697	3449381	10.37	NA	NA	15.21	405	NA	NA	0.25	24748	NA	43.41	4.89
"2,600"	16303886	500	1	16303886	1713164	10.51	NA	NA	5.54	2880	NA	NA	0.28	56206	NA	43.41	4.89
"8조 2,861"	112582792	2500	1	112582792	85477366	75.92	3.93	81133	NA	-7458	-9.51	-7736	1.54	47812	NA	-12.33	4.48
"4,682"	18252582	5000	1	0	0	0	4	30500	NA	-3964	-7.66	-3350	0.9	28438	NA	-18.79	3.6
"2,623"	139896190	500	1	139896190	2730005	1.95	NA	NA	NA	-1063	NA	NA	0.47	3976	NA	-18.79	3.6
"5,827"	14677004	5000	1	14677004	234659	1.6	NA	NA	24.09	1648	NA	NA	0.98	40572	NA	-38.05	3.72
"1,433"	202424960	500	1	202424960	3808915	1.88	NA	NA	NA	-21	NA	NA	0.73	966	NA	30.14	2.17
"1,192"	44964143	500	1	44964143	240612	0.54	NA	NA	NA	-24	NA	NA	0.92	2878	NA	43.41	4.89
"1,061"	111133730	500	1	111133730	38985494	35.08	NA	NA	NA	-78	NA	NA	1.16	824	NA	63.27	3.47
"1,822"	65429516	500	1	65429516	5108072	7.81	NA	NA	67.93	41	NA	NA	0.37	7614	NA	-30.14	2.68
"21조 7,413"	70360297	200	1	70360297	15472795	21.99	4	347800	1303.8	237	78.33	3945	0.9	342805	NA	29.15	1.43
"4조 1,655"	37868298	5000	1	37868298	3022166	7.98	4	118357	48.82	2253	35.67	3084	2.11	52064	NA	63.27	3.47
"9,415"	9230244	5000	1	9230244	867901	9.4	4	136667	2.39	42716	3.21	31790	0.48	210647	NA	19.16	1.29
"1조 2,335"	248187647	2500	1	248187647	30568426	12.32	4	6525	NA	-231	11.69	425	0.51	9754	NA	29.15	1.43
"1조 1,899"	19037855	5000	1	19037855	1864742	9.79	NA	NA	4.1	15229	NA	NA	0.66	94360	NA	-12.33	4.48
"8,413"	18990164	1000	1	18990164	957356	5.04	4	59688	8.4	5274	11.68	3792	1.99	22237	NA	4.24	0.49
"4,870"	47285840	500	1	47285840	337910	0.71	4	12500	15.9	648	17.91	575	1.01	10247	NA	51.92	1.31
"24조 9,657"	92465564	5000	1	92465564	22384468	24.21	3.88	249941	NA	-26294	-12.44	-21712	1.5	179631	NA	-12.33	4.48
"4,291"	472590171	500	1	472590171	26449479	5.6	NA	NA	60.53	15	NA	NA	0.7	1290	NA	6.3	2.81
"4조 6,026"	11741396	5000	1	11741396	2129722	18.14	4	520000	17.89	21916	NA	NA	5.16	76041	NA	63.27	3.47
"19조 7,827"	80745711	500	1	39565399	27853826	70.4	4	323810	18.04	13580	14.82	16537	0.75	327560	NA	13.34	0.49
95조 43	728002365	5000	1	728002365	365499637	50.21	4	149720	33.11	3942	25.72	5074	1.77	73800	NA	21.24	2.04
"6,394"	8629009	5000	1	8629009	225239	2.61	3.86	86714	NA	-1525	7410	10	2	37037	NA	27.45	1.17
"1,124"	19726902	2500	1	19726902	33076	0.17	NA	NA	NA	-865	NA	NA	2.21	2575	NA	9.29	5.26
"1,668"	23008904	2500	1	23008904	0	0	NA	NA	NA	-1	NA	NA	0.85	8565	NA	-22.81	0.98
"1,116"	28365976	2500	1	28365976	6927	0.02	NA	NA	NA	-1010	NA	NA	0.83	4725	NA	-22.81	0.98
"1,228"	23000000	1000	1	23000000	99124	0.43	NA	NA	333.75	16	NA	NA	1.06	5020	NA	41.1	2.67
422	15326438	500	1	15326438	688718	4.49	NA	NA	NA	-45	NA	NA	0.36	7659	NA	63.27	3.47
"3,992"	59496045	500	1	59496045	1362506	2.29	NA	NA	NA	-98	NA	NA	4.36	1539	NA	-18.79	3.6
971	4160347	5000	1	4160347	193857	4.66	NA	NA	10.93	2136	NA	NA	0.35	66595	NA	-216.96	3.18
"1,443"	6500000	1000	1	6500000	654237	10.07	NA	NA	9.02	2460	NA	NA	0.27	82555	NA	34.12	4.45
"5조 2,629"	213940500	500	1	213940500	48047772	22.46	4	29000	NA	-888	-19.2	-1281	1.52	16215	NA	-25.11	1.1
409	27549644	500	1	27549644	469783	1.71	NA	NA	NA	NA	NA	NA	1.9	780	NA	-18.79	3.6
"2,918"	21691750	500	1	21691750	98989	0.46	NA	NA	27.85	483	NA	NA	1.21	11089	NA	63.27	3.47
"6,870"	13604730	1000	1	13604730	1401442	10.3	4	103000	16.61	3040	NA	NA	1.95	25938	NA	15.56	1.05
"1,111"	5895406	2500	1	5895406	908929	15.42	NA	NA	6.29	2999	NA	NA	0.32	58904	NA	19.16	1.29
712	2365023	5000	1	2365023	261581	11.06	NA	NA	13.65	2205	NA	NA	0.16	188479	NA	-12.33	4.48
"3,701"	27415270	500	1	27415270	861547	3.14	NA	NA	8.19	1648	NA	NA	0.48	28421	NA	30.14	2.17
"3,634"	23906860	500	1	23906860	223199	0.93	4	12000	50.17	303	NA	NA	2.33	6511	NA	99.27	0.31
"2,960"	41276365	500	1	41276365	1233631	2.99	NA	NA	286.8	25	NA	NA	1.37	5230	NA	63.27	3.47
448	1570797	5000	1	1570797	193394	12.31	NA	NA	16.98	1678	NA	NA	0.66	43359	NA	34.66	6.1
"2,907"	8930907	5000	1	8930907	1951903	21.86	NA	NA	3.23	10073	NA	NA	0.56	58608	NA	7.42	4.06
"1,537"	32600000	500	1	32600000	713177	2.19	NA	NA	19.17	246	NA	NA	0.82	5761	NA	43.41	4.89
"1,127"	24939425	1000	1	24939425	87424	0.35	NA	NA	13.74	329	NA	NA	1.11	4088	NA	27.45	1.17
"7조 8,877"	18870000	5000	1	18870000	4412740	23.38	3.93	541667	14.08	29683	12.94	32310	1.07	389688	NA	21.46	3.4
"3,000"	20000000	1000	1	20000000	1394192	6.97	NA	NA	NA	-1088	NA	NA	0.25	59710	NA	41.1	2.67
"4,964"	52420851	1000	1	52420851	11706490	22.33	4	12000	9.09	1042	NA	NA	0.8	11823	NA	99.27	0.31
930	43337615	500	1	43337615	1685599	3.89	NA	NA	11.41	188	NA	NA	0.91	2349	NA	-216.96	3.18
"1,451"	57943763	500	1	57943763	12284237	21.2	NA	NA	NA	-56	NA	NA	0.58	4293	NA	61.85	3.56
"2,512"	1600000	5000	1	1600000	194319	12.14	NA	NA	5.92	26499	NA	NA	0.36	430950	NA	-27.68	2
"5,056"	64653296	5000	1	64653296	2810551	4.35	NA	NA	4.12	1900	NA	NA	0.4	19373	NA	6.3	2.81
"4,497"	24982540	500	1	24982540	51601	0.21	NA	NA	12.76	1411	NA	NA	4.36	4128	NA	27.45	1.17
"2,969"	5810616	5000	1	5810616	1673053	28.79	NA	NA	9.3	5497	NA	NA	0.52	97493	NA	63.27	3.47
"1,679"	38823864	500	1	38823864	1040313	2.68	NA	NA	6.71	645	NA	NA	1.63	2649	1.16	30.14	2.17
849	49376445	500	1	49376445	181593	0.37	NA	NA	86	20	NA	NA	2.41	715	NA	11.67	3.18
"1,746"	18400520	1000	1	18400520	127884	0.7	NA	NA	32.72	290	NA	NA	2.2	4304	NA	99.27	0.31
"4,548"	24000000	500	1	24000000	132138	0.55	NA	NA	41.65	455	NA	NA	3.97	4774	NA	63.27	3.47
"1,172"	34869420	500	1	34869420	765489	2.2	NA	NA	9.68	347	NA	NA	0.66	5120	NA	-12.33	4.48
"1,430"	26682886	1000	1	26682886	470580	1.76	NA	NA	765.71	7	NA	NA	0.45	11782	NA	-47.05	2.31
669	1000000	5000	1	1000000	3847	0.38	NA	NA	NA	-3454	NA	NA	0.54	123048	1.94	12.55	2.38
"2,647"	44048135	500	1	44048135	223569	0.51	NA	NA	NA	-387	NA	NA	3.01	1998	NA	63.27	3.47
"3,451"	36633924	5000	1	36633924	1286777	3.51	3.67	9467	9.23	1021	7.91	1191	0.87	10850	NA	7.42	4.06
5조 272	30467691	5000	1	30467691	8812706	28.92	3.79	190071	14.12	11687	10.06	16400	1.58	104401	NA	63.27	3.47
"2,700"	117904727	500	1	117904727	2702465	2.29	NA	NA	NA	-93	NA	NA	1.19	1925	NA	43.41	4.89
358	11981820	500	1	11981820	225844	1.88	NA	NA	NA	-2626	NA	NA	1.2	2496	NA	83.7	2.6
1조 887	287260287	5000	1	287260287	13486811	4.69	2.5	4500	NA	-349	NA	NA	0.92	4124	NA	43.41	4.89
"1,098"	29200000	500	1	29200000	18622070	63.77	NA	NA	14.75	255	NA	NA	0.46	8112	3.99	-30.14	2.68
"33조 8,073"	405363347	5000	1	405363347	149719604	36.93	4	81889	38.75	2152	24.44	3413	1.15	72443	NA	54.34	11.24
"6조 3,747"	738664360	5000	1	738664360	77158049	10.45	3.53	10336	4.41	1958	4.59	1881	0.29	29815	NA	4.89	0.72
"1,490"	45152280	500	1	45152280	420526	0.93	NA	NA	12.5	264	NA	NA	1.84	1793	NA	7.42	4.06
"1,588"	37240693	1000	1	37240693	264081	0.71	NA	NA	3.28	1299	NA	NA	0.84	5086	NA	39.21	4.04
"1,474"	9828901	5000	1	9828901	118707	1.21	NA	NA	21.07	712	NA	NA	2.5	5993	NA	7.42	4.06
"4,699"	110179090	500	1	110179090	6353644	5.77	NA	NA	43.52	98	NA	NA	2.5	1708	NA	21.46	3.4
"1,519"	36212160	500	1	36212160	82177	0.23	NA	NA	NA	-122	NA	NA	1.5	2794	NA	61.85	3.56
"2,149"	720000	5000	1	720000	173637	24.12	NA	NA	NA	-32645	NA	NA	0.29	1036819	NA	27.45	1.17
"4,506"	49678843	1000	1	49678843	3014931	6.07	NA	NA	14.4	630	NA	NA	0.95	9560	NA	63.27	3.47
"2,418"	53543977	500	1	53543977	1343244	2.51	NA	NA	13.32	339	NA	NA	0.24	18526	NA	43.41	4.89
"5,997"	97667877	500	1	97667877	6843771	7.01	3.75	6775	40.93	150	37.9	162	0.41	14976	NA	43.41	4.89
"1,743"	32699622	500	1	32699622	1724104	5.27	NA	NA	NA	-551	NA	NA	1.83	2910	NA	34.12	4.45
"10조 3,444"	85845303	100	1	85845303	19541768	22.76	3.47	156563	48.81	2469	37.73	3194	1.93	62399	NA	33.06	1.05
"1,906"	20000000	500	1	20000000	1204585	6.02	NA	NA	10.46	911	NA	NA	0.58	16505	NA	34.12	4.45
"1,435"	13291151	500	1	13291151	280584	2.11	NA	NA	24.16	447	NA	NA	0.31	35366	NA	34.12	4.45
"4조 8,967"	11686538	5000	1	11686538	2368866	20.27	3.83	412500	112.39	3728	59.37	7058	4.35	96302	NA	99.27	0.31
2조 598	47028210	500	1	47028210	3170934	6.74	NA	NA	41.4	1058	NA	NA	2.51	17448	NA	99.27	0.31
"1조 7,761"	6082642	5000	1	6082642	1101453	18.11	3.93	406538	13.1	22289	13.21	22107	0.83	351889	NA	27.45	1.17
"3,520"	4637790	5000	1	4637790	211249	4.55	NA	NA	5.65	13441	NA	NA	0.36	208648	NA	27.45	1.17
841	15400000	500	1	15400000	451810	2.93	NA	NA	NA	-344	NA	NA	0.66	8252	NA	-47.05	2.31
1조 589	44866617	500	1	44866617	10175022	22.68	NA	NA	3.79	6220	NA	NA	0.67	35250	NA	25.31	1.67
"3,151"	84702850	500	1	84702850	5189796	6.13	3.5	4500	NA	-165	NA	NA	0.56	6609	NA	-19.08	0.72
930	10821611	5000	1	10821611	71105	0.66	NA	NA	NA	-1672	NA	NA	0.26	33373	NA	-27.68	2
"2,399"	33890150	500	1	33890150	4873106	14.38	NA	NA	2.76	2562	NA	NA	0.42	17025	4.24	4.53	1.14
"7,289"	49416925	500	1	49416925	4221278	8.54	4	13500	NA	NA	NA	NA	1.16	12691	2.03	49.8	3.56
"1,865"	23728210	1000	1	23728210	761553	3.21	NA	NA	26.29	299	NA	NA	0.49	16007	NA	-30.14	2.68
475	10490447	500	1	10490447	4384688	41.8	NA	NA	188.75	24	NA	NA	0.29	15872	11.04	61.85	3.56
"8,821"	22053284	5000	1	22053284	584705	2.65	4	42000	5.06	7908	NA	NA	1.18	33913	NA	7.42	4.06
955	16672240	1000	1	16672240	384590	2.31	NA	NA	NA	-291	NA	NA	0.62	9310	NA	-47.05	2.31
"2조 8,884"	34800000	5000	1	34800000	11249500	32.33	4	115071	4.39	18894	3.85	21583	0.49	169000	NA	7.42	4.06
639	15225000	1000	1	15225000	198402	1.3	NA	NA	NA	-1020	NA	NA	0.75	5572	NA	-47.05	2.31
"9,753"	34648025	1000	1	34648025	5592331	16.14	4	36167	6.73	4180	7.36	3825	0.92	30643	NA	27.45	1.17
"3,748"	36212538	1000	1	36212538	2132736	5.89	NA	NA	3.14	3293	NA	NA	0.58	17883	NA	27.45	1.17
"1,504"	45235478	5000	1	45235478	375073	0.83	NA	NA	NA	-1401	NA	NA	0.29	11598	NA	-12.33	4.48
"1,424"	27500000	1000	1	27500000	483579	1.76	NA	NA	9.83	527	NA	NA	0.46	11152	NA	19.16	1.29
"4,376"	16089459	1000	1	16089459	467093	2.9	NA	NA	9.57	2843	NA	NA	0.96	28353	NA	19.16	1.29
"6,448"	50773400	5000	1	50773400	9525539	18.76	4	17000	11.71	1085	NA	NA	0.43	29686	NA	6.3	2.81
"1,286"	29565939	500	1	29565939	167703	0.57	NA	NA	82.08	53	NA	NA	2.36	1843	NA	21.46	3.4
"1,832"	108394549	500	1	108394549	1590024	1.47	NA	NA	39.3	43	NA	NA	1.14	1487	NA	14.27	2.38
"2조 6,974"	415622638	5000	1	415622638	34367970	8.27	4	6233	14.02	463	11.27	576	1.01	6438	NA	7.42	4.06
"1,427"	47646375	500	1	47646375	495505	1.04	NA	NA	NA	-43	NA	NA	3.73	804	NA	43.41	4.89
"2조 9,451"	107290669	5000	1	107290669	10032180	9.35	3.83	31383	16.89	1625	9.64	2847	0.73	37566	NA	-22.81	0.98
"3조 1,687"	58141980	500	1	58141980	3015606	5.19	3	25000	62.79	868	NA	NA	3.57	15248	NA	99.27	0.31
"1조 8,539"	11586575	2500	1	11586575	576496	4.98	3.6	112600	NA	-143	NA	NA	3.25	49193	NA	99.27	0.31
"2,691"	62000000	500	1	62000000	1386948	2.24	NA	NA	96.44	45	NA	NA	0.58	7495	NA	43.41	4.89
"1,005"	71016967	500	1	71016967	1363376	1.92	NA	NA	NA	-4	NA	NA	1.23	1154	NA	-216.96	3.18
"3,624"	20243603	500	1	20243603	3699237	18.27	4	21500	15.05	1189	NA	NA	1.67	10691	NA	99.27	0.31
726	41249152	500	1	41249152	660257	1.6	NA	NA	NA	-14	NA	NA	0.91	1931	NA	30.14	2.17
"1,032"	106915987	500	1	106915987	2826283	2.64	NA	NA	6.94	139	NA	NA	0.89	1089	NA	43.41	4.89
955	116662887	500	1	116662887	3559946	3.05	NA	NA	NA	-41	NA	NA	0.95	860	NA	43.41	4.89
"1,408"	91140499	500	1	91140499	2246072	2.46	NA	NA	29.71	52	NA	NA	0.63	2444	NA	21.46	3.4
"1,031"	14286115	1000	1	14286115	963399	6.74	NA	NA	7.68	940	NA	NA	0.5	14335	NA	-30.14	2.68
"2,115"	5300000	1000	1	5300000	35118	0.66	NA	NA	NA	-1507	NA	NA	1.11	35839	NA	30.14	2.17
"1조 8,070"	6500000	5000	1	6500000	1255769	19.32	4	316818	20.35	13661	13.13	21171	0.93	298140	NA	63.27	3.47
"1조 1,905"	856473009	500	1	856473009	15353853	1.79	NA	NA	NA	-18	NA	NA	3.78	368	NA	-216.96	3.18
"2,723"	24646734	1000	1	24646734	2599693	10.55	4	14300	3.67	3009	NA	NA	0.46	24077	NA	41.1	2.67
"1,848"	8969658	2500	1	8969658	179999	2.01	NA	NA	9.23	2231	NA	NA	0.4	51975	NA	27.45	1.17
"2,560"	1690000	5000	1	1690000	177649	10.51	NA	NA	9.47	15994	NA	NA	0.32	474207	NA	27.45	1.17
"5조 5,224"	174209713	5000	1	87087437	21114493	24.25	3.6	27857	NA	-4386	-14.06	-2255	1.75	18093	NA	-4.92	2.65
"8,146"	244271090	500	1	244271090	10130305	4.15	3.33	3200	49.04	68	30.6	109	0.95	3529	NA	111.6	5.52
"1,448"	1328000	5000	1	1328000	5984	0.45	NA	NA	7.58	14387	NA	NA	0.22	490617	NA	63.27	3.47
908	44282310	500	1	44282310	3002992	6.78	NA	NA	7.22	284	NA	NA	0.45	4514	NA	30.14	2.17
647	27134839	500	1	27134839	201442	0.74	NA	NA	NA	-69	NA	NA	2.62	911	NA	21.46	3.4
"1조 1,631"	18374502	500	1	18374502	2588765	14.09	4	92333	10.85	5832	8.82	7173	1.55	40763	NA	33.06	1.05
"3조 4,033"	30118007	500	1	30118007	14021119	46.55	4	132429	70.23	1609	66.71	1694	9.23	12244	NA	84.64	0.53
"1,195"	15680000	500	1	15680000	130451	0.83	NA	NA	31.62	241	NA	NA	1.78	4290	NA	30.14	2.17
907	32564980	500	1	32564980	64855	0.2	NA	NA	NA	-294	NA	NA	1.96	1418	NA	43.41	4.89
"5,036"	11068830	500	1	11068830	1814640	16.39	4	51667	NA	-313	22.46	2026	1.79	25432	NA	196.57	0.91
"2,792"	33720000	500	1	33720000	567719	1.68	4	10500	13.69	605	NA	NA	1.09	7621	NA	7.42	4.06
"8,398"	95432737	5000	1	95432737	24780816	25.97	3.8	9360	NA	-570	880	10	0.41	21689	NA	41.1	2.67
"1,565"	3610000	500	1	3610000	587	0.02	NA	NA	7.39	5867	NA	NA	2.19	19775	NA	63.27	3.47
"1,905"	39646458	1000	1	39646458	716487	1.81	NA	NA	NA	-131	NA	NA	1.65	2919	NA	11.67	3.18
915	13617577	500	1	13617577	3946573	28.98	NA	NA	12.68	530	NA	NA	0.54	12423	NA	63.27	3.47
"3,144"	22702024	5000	1	22702024	555327	2.45	4	15500	4.52	3064	NA	NA	0.71	19528	NA	7.42	4.06
"3조 2,203"	99700000	500	1	99700000	4133083	4.15	NA	NA	23.29	1387	NA	NA	2.33	13851	NA	27.45	1.17
"3,654"	26100970	1000	1	26100970	1515210	5.81	NA	NA	NA	-473	NA	NA	5.41	2590	NA	99.27	0.31
"2,151"	43993012	1000	1	43993012	1532716	3.48	NA	NA	19.25	254	NA	NA	0.75	6478	NA	63.27	3.47
851	5335564	1000	1	5335564	93643	1.76	4	26000	5.65	2822	NA	NA	0.65	24515	NA	63.27	3.47
"7,571"	6155346	5000	1	6155346	758499	12.32	4	165000	30.56	4025	NA	NA	0.98	124903	NA	99.27	0.31
"7,169"	8443868	5000	1	8443868	2036187	24.11	4	117857	11.09	7654	15.93	5329	1.07	79555	NA	99.27	0.31
"1,984"	11500000	500	1	11500000	929072	8.08	4	23000	23.7	728	NA	NA	0.98	17551	NA	7.42	4.06
"1,463"	13733015	500	1	13733015	603784	4.4	NA	NA	9.54	1116	NA	NA	0.4	26427	NA	43.41	4.89
"3,091"	238684063	500	1	238684063	19628098	8.22	NA	NA	51.8	25	NA	NA	0.32	4084	NA	34.12	4.45
698	2895569	5000	1	2895569	63306	2.19	NA	NA	5.12	4705	NA	NA	0.56	42941	NA	51.92	1.31
"2,066"	126004610	500	1	126004610	5072370	4.03	NA	NA	17.45	94	NA	NA	1.62	1012	NA	-30.14	2.68
"6,559"	161358585	5000	1	161358585	135138163	83.75	3.57	4229	8.23	494	5.58	729	0.21	19774	NA	13.15	1.53
"1,385"	118885290	500	1	118885290	3349615	2.82	NA	NA	17.13	68	NA	NA	1.59	733	NA	41.1	2.67
861	13168460	500	1	13168460	176868	1.34	NA	NA	NA	-10	NA	NA	0.8	8196	NA	43.41	4.89
"7,101"	3859124	5000	1	3859124	232716	6.03	4	262857	9.93	18539	9.78	18816	0.97	190221	NA	27.45	1.17
377	46754933	500	1	46754933	1208656	2.59	NA	NA	NA	-359	NA	NA	0.89	907	NA	43.41	4.89
"9,121"	3677641	5000	1	3677641	285470	7.76	4	305000	5.84	42489	NA	NA	0.7	354245	NA	27.45	1.17
427	4653805	5000	1	4653805	165727	3.56	NA	NA	64.58	142	NA	NA	0.79	11655	NA	27.45	1.17
"9,351"	25618511	5000	1	25618511	384646	1.5	NA	NA	20.74	1760	NA	NA	1.94	18845	NA	14.27	2.38
"1,440"	13650000	500	1	13650000	390008	2.86	NA	NA	21.06	501	NA	NA	0.73	14398	0.93	43.41	4.89
"1,867"	2425215	5000	1	2425215	106624	4.4	NA	NA	71.49	1077	NA	NA	0.46	165832	NA	41.1	2.67
439	15000000	500	1	15000000	190143	1.27	NA	NA	79.05	37	NA	NA	0.33	8898	NA	41.1	2.67
"4,623"	27931470	1000	1	27931470	830289	2.97	NA	NA	16.11	1027	NA	NA	1.4	11794	NA	99.27	0.31
"9,187"	16523835	5000	1	16523835	1121258	6.79	3	52000	11.33	4908	NA	NA	0.59	93908	NA	29.15	1.43
"3조 2,080"	100249166	500	1	100249166	21870425	21.82	4	40375	17.32	1848	15.92	2010	0.77	41713	NA	-30.14	2.68
"1조 7,511"	215912720	5000	1	215912720	12525916	5.8	3.43	8843	10.46	775	9.6	845	0.7	11650	NA	-30.14	2.68
"4조 9,827"	374636889	5000	1	374636889	40133522	10.71	NA	NA	NA	-4636	NA	NA	2	6664	NA	-30.14	2.68
"3조 5,629"	65493726	100	1	65493726	12090760	18.46	4	66114	159.53	341	227.62	239	22.14	2457	NA	189.41	3.74
"1,029"	27066680	2500	1	27066680	636055	2.35	NA	NA	20.99	181	NA	NA	0.68	5564	NA	43.41	4.89
"7,212"	65862985	100	1	65862985	14737457	22.38	NA	NA	40.26	272	NA	NA	2.98	3674	NA	-186.03	1.86
"1,404"	11700000	500	1	11700000	123435	1.06	NA	NA	5.95	2017	NA	NA	0.6	20125	NA	21.46	3.4
"1,761"	31496785	500	1	31496785	1727456	5.48	4	7000	17.8	314	NA	NA	1.1	5090	NA	21.24	2.04
"4,179"	2465609	5000	1	2465609	91066	3.69	NA	NA	30.27	5600	NA	NA	0.62	274460	NA	30.14	2.17
"1,960"	38888569	500	1	38888569	208021	0.53	NA	NA	NA	-2192	NA	NA	1.89	2665	NA	43.41	4.89
"1,324"	26319633	500	1	26319633	2614278	9.93	NA	NA	17.23	292	NA	NA	0.34	14639	NA	-30.14	2.68
"1,408"	11041708	500	1	11041708	676594	6.13	NA	NA	7.98	1597	NA	NA	0.77	16633	NA	-30.14	2.68
"2,793"	9994005	500	1	9994005	664897	6.65	NA	NA	5.43	5148	NA	NA	0.39	71852	NA	43.41	4.89
"4,293"	41678175	500	1	41678175	1959563	4.7	NA	NA	25	412	NA	NA	2.22	4632	NA	189.41	3.74
"5,857"	53007638	500	1	53007638	37836452	71.38	NA	NA	44.56	248	NA	NA	0.85	12931	NA	14.27	2.38
1조 842	69275662	500	1	69275662	3364084	4.86	NA	NA	NA	-681	NA	NA	3.95	3967	NA	-25.11	1.1
"8,822"	171968884	NA	NA	NA	NA	NA	NA	NA	NA	NA	NA	NA	NA	NA	NA	NA	NA
"5,788"	310336320	1000	1	310336320	2965309	0.96	NA	NA	NA	-49	NA	NA	0.55	3418	NA	7.1	0.65
"3조 2,532"	28288755	5000	1	28288755	3249284	11.49	3.61	116444	NA	-47402	-11.99	-9593	0.31	366314	NA	-27.68	2
"1조 4,138"	25800000	5000	1	25800000	5907117	22.9	4	72000	8.26	6631	9.01	6082	0.88	62116	NA	63.27	3.47
"6,220"	15396331	5000	1	15396331	431858	2.8	4	51333	17.33	2331	16.62	2431	1.52	26605	NA	25.31	1.67
"6,962"	6416717	500	1	6416717	1070837	16.69	NA	NA	20.59	5270	NA	NA	0.57	191084	NA	27.45	1.17
"3조 7,243"	104909237	200	1	104909237	11793939	11.24	3.5	40125	NA	-6835	-268.94	-132	0.37	94716	NA	27.45	1.17
"1조 1,084"	8975123	500	1	8975123	968599	10.79	3.91	138273	NA	-9751	31.56	3913	0.83	149063	NA	98	0.9
10조 256	34275419	5000	1	34275419	9126427	26.63	4	353045	86.46	3383	38.25	7648	0.77	380745	NA	63.27	3.47
"3,837"	1131870	5000	1	1131870	122670	10.84	3.67	398500	5.17	65555	5.15	65864	0.4	839847	NA	27.45	1.17
"8,794"	23607712	5000	1	23607712	2837400	12.02	3.9	45455	NA	-3112	8.78	4241	0.44	84414	NA	-14.22	3.33
"1,379"	198472594	500	1	198472594	2297289	1.16	NA	NA	NA	-247	NA	NA	1.8	387	NA	27.45	1.17
"3조 5,312"	46957120	1000	1	46957120	12079792	25.73	3.72	62000	NA	-1181	-1392.59	-54	2.18	34515	NA	43.41	4.89
836	4150000	1000	1	4150000	175441	4.23	NA	NA	109.51	184	NA	NA	0.27	75992	0.99	41.1	2.67
"3조 9,266"	372192485	NA	NA	NA	NA	NA	NA	NA	NA	NA	NA	NA	NA	NA	NA	NA	NA
"3,583"	92834331	NA	NA	NA	NA	NA	NA	NA	NA	NA	NA	NA	NA	NA	NA	NA	NA
"1조 2,945"	134011294	500	1	134011294	11055172	8.25	NA	NA	2.78	3476	NA	NA	0.39	24965	NA	7.1	0.65
"2조 4,605"	675961727	1000	1	675961727	89441803	13.23	4	4529	4.56	799	5.16	706	0.59	6204	NA	6.3	2.81
"1조 7,732"	120625000	500	1	120625000	12033987	9.98	3.89	18444	4.31	3410	3.86	3804	0.6	24552	NA	7.1	0.65
640	63689937	500	1	63689937	0	0	NA	NA	NA	-304	NA	NA	0.95	1055	NA	30.14	2.17
"2,445"	33953454	500	1	33953454	270374	0.8	NA	NA	NA	-1158	NA	NA	2.53	2851	NA	99.27	0.31
"1조 7,719"	40779120	500	1	40779120	490104	1.2	NA	NA	NA	NA	NA	NA	NA	NA	NA	43.41	4.89
"1,693"	36571255	500	1	36571255	358232	0.98	NA	NA	22.48	206	NA	NA	2.42	1910	NA	14.35	1.12
"1,028"	18897307	1000	1	18897307	187035	0.99	NA	NA	NA	-148	NA	NA	1.48	3673	NA	4.15	0.69
236	7826815	NA	NA	NA	NA	NA	NA	NA	NA	NA	NA	NA	NA	NA	NA	NA	NA
"4,438"	33000000	500	1	33000000	3720821	11.28	NA	NA	43.39	310	NA	NA	0.72	18723	NA	43.41	4.89
"2,810"	62368324	2500	1	62368324	1817585	2.91	3	3500	NA	-248	NA	NA	0.47	9661	NA	39.21	4.04
"1,207"	41609310	2500	1	41609310	2268445	5.45	NA	NA	NA	-528	NA	NA	0.28	10540	NA	39.21	4.04
"2,092"	28500000	200	1	28500000	4319354	15.16	NA	NA	NA	-254	NA	NA	0.4	18569	NA	98	0.9
723	20503505	500	1	20503505	696514	3.4	NA	NA	14.94	236	NA	NA	0.6	5908	NA	41.1	2.67
589	18662929	100	1	18662929	2451137	13.13	NA	NA	NA	-453	NA	NA	0.89	3550	NA	21.24	2.04
628	129484148	100	1	129484148	2914980	2.25	NA	NA	2.01	241	NA	NA	0.7	690	NA	25.31	1.67
"6조 4,532"	645316408	5000	1	645316408	95905671	14.86	3.71	11650	10.45	957	9.97	1003	0.69	14496	NA	6.3	2.81
945	20100000	NA	NA	NA	NA	NA	NA	NA	NA	NA	NA	NA	NA	NA	NA	NA	NA
"6,868"	177016189	5000	1	177016189	10251539	5.79	3.86	4900	6.33	613	NA	NA	0.25	15680	NA	13.15	1.53
"6,436"	4970000	500	1	4970000	233257	4.69	NA	NA	15.34	8441	NA	NA	2.54	50935	NA	63.27	3.47
"5,534"	5100000	500	1	5100000	86600	1.7	NA	NA	15.93	6812	NA	NA	2.1	51619	NA	63.27	3.47
"1,786"	2320000	500	1	2320000	27648	1.19	NA	NA	10.05	7664	NA	NA	1.1	69719	NA	63.27	3.47
"1,375"	2199268	1000	1	2199268	116377	5.29	NA	NA	9.07	6890	NA	NA	1.14	54720	NA	63.27	3.47
"1,108"	1739672	5000	1	1739672	546836	31.43	NA	NA	5.73	11126	NA	NA	0.36	177675	NA	-12.33	4.48
344	15200004	NA	NA	NA	NA	NA	NA	NA	NA	NA	NA	NA	NA	NA	NA	NA	NA
867	42314090	500	1	42314090	413468	0.98	NA	NA	17.37	118	NA	NA	0.41	4943	1.71	20.42	2.17
"1,891"	44918407	500	1	44918407	2255963	5.02	NA	NA	19.49	216	NA	NA	1.06	3970	NA	63.27	3.47
"1,377"	24200000	500	1	24200000	523805	2.16	NA	NA	NA	-697	NA	NA	1.02	5557	NA	30.14	2.17
"1,311"	24831982	1000	1	24831982	178340	0.72	NA	NA	8.29	637	NA	NA	1.75	3010	NA	7.42	4.06
326	137680211	NA	NA	NA	NA	NA	NA	NA	NA	NA	NA	NA	NA	NA	NA	NA	NA
"1,800"	68560000	500	1	68560000	2870977	4.19	NA	NA	NA	-3	NA	NA	0.64	4073	NA	34.12	4.45
"1,357"	59900000	200	1	59900000	179619	0.3	NA	NA	251.67	9	NA	NA	3.1	731	NA	27.45	1.17
1조 191	47620000	500	1	47620000	3380945	7.1	4	22018	38.35	558	36.77	582	3.13	6838	NA	99.27	0.31
"1,212"	127449373	500	1	127449373	1302189	1.02	NA	NA	NA	-121	NA	NA	1.49	640	NA	98	0.9
"1조 5,594"	64837978	500	1	64837978	3154297	4.86	NA	NA	12025	2	NA	NA	5.98	4022	0.38	99.27	0.31
"2,193"	10369886	5000	1	10369886	89727	0.87	NA	NA	5.65	3741	NA	NA	0.35	59797	NA	6.3	2.81
815	20000000	500	1	20000000	162651	0.81	NA	NA	140.52	29	NA	NA	0.73	5573	NA	41.1	2.67
"5,984"	11000000	5000	1	11000000	365230	3.32	NA	NA	3.16	17229	NA	NA	0.67	81100	NA	19.16	1.29
"1,325"	1056000	5000	1	1056000	9700	0.92	NA	NA	48.31	2598	NA	NA	2.3	54683	NA	34.12	4.45
408	56849517	500	1	56849517	2175139	3.83	NA	NA	NA	-615	NA	NA	1.56	460	NA	43.41	4.89
"1,505"	26735890	500	1	26735890	130830	0.49	NA	NA	NA	-1995	NA	NA	1.25	4501	NA	30.14	2.17
828	12996741	500	1	12996741	994023	7.65	NA	NA	NA	-766	NA	NA	0.41	15361	NA	-19.08	0.72
"1,976"	13127849	500	1	13127849	46011	0.35	NA	NA	NA	-2393	NA	NA	3.97	3790	NA	25.31	1.67
"6조 1,807"	35623760	500	1	35623760	1385643	3.89	4	254000	NA	NA	53.68	3232	NA	NA	NA	-18.79	3.6
"5,527"	9851241	5000	1	9851241	2509396	25.47	4	78333	11.03	5084	11.2	5008	0.82	68587	NA	27.45	1.17
"1,526"	9164467	5000	1	9164467	56243	0.61	NA	NA	6.89	2417	NA	NA	0.35	48014	NA	27.45	1.17
"1,482"	141144600	500	1	141144600	2041441	1.45	NA	NA	19.81	53	NA	NA	0.68	1550	NA	27.45	1.17
"1,732"	5000000	5000	1	5000000	180388	3.61	NA	NA	NA	-1922	NA	NA	0.42	83421	NA	27.45	1.17
978	17218543	1000	1	17218543	348890	2.03	NA	NA	NA	-269	NA	NA	0.47	12146	NA	27.45	1.17
966	9422739	5000	1	9422739	94292	1	NA	NA	4.74	2164	NA	NA	0.53	19348	NA	27.45	1.17
"5,117"	137546368	1000	1	137546368	1016755	0.74	NA	NA	60	62	NA	NA	2.37	1568	NA	7.42	4.06
"50조 3,356"	68764530	5000	1	68764530	30355162	44.14	4	768500	249.74	2931	86.63	8450	3.89	188329	NA	189.41	3.74
743	8126314	500	1	8126314	674517	8.3	NA	NA	38.73	236	NA	NA	0.34	27138	NA	43.41	4.89
"26조 9,117"	186887081	100	1	186887081	27901701	14.93	4	161583	24.12	5969	25	5761	0.97	147844	NA	29.15	1.43
"52조 6,673"	66165000	2500	1	66165000	6863522	10.37	4	949333	148.2	5371	231.73	3435	11.71	67994	NA	99.27	0.31
"15조 9,200"	200000000	500	1	200000000	24658518	12.33	3.8	85900	15.99	4979	13.78	5778	0.38	210200	NA	13.15	1.53
"15조 4,756"	77377800	500	1	77377800	9178281	11.86	3.92	237083	29.52	6774	33.31	6004	2.34	85588	NA	25.31	1.67
"2조 6,656"	196000000	5000	1	196000000	48381698	24.68	3.83	16083	10.44	1303	9.75	1395	1.71	7942	NA	7.42	4.06
"15조 4,616"	74693696	5000	1	74693696	26514057	35.5	4	210150	42.41	4881	27.08	7644	2.78	74428	NA	61.85	3.56
"519조 3,711"	5969782550	100	1	5969782550	3313900306	55.51	4	102040	23.76	3662	16.77	5189	2.21	39446	NA	21.24	2.04
"5,447"	61549713	500	1	61549713	2564988	4.17	NA	NA	NA	-182	NA	NA	4.08	2171	NA	99.27	0.31
"4조 3,155"	630000000	5000	1	630000000	96272872	15.28	3.17	6709	NA	-1983	-4.65	-1474	0.93	7335	NA	-22.81	0.98
"3조 7,417"	89300000	5000	1	89300000	23426482	26.23	4	50571	7.96	5267	7.35	5704	0.72	58223	NA	6.3	2.81
"2,355"	10000000	500	1	10000000	73321	0.73	NA	NA	65.24	361	NA	NA	2.54	9273	NA	4.15	0.69
"3조 7,886"	115858891	5000	1	115858891	12344381	10.65	4	41278	9.19	3557	9.58	3412	0.49	66088	NA	9.05	1.55
"8조 6,696"	47374837	500	1	47374837	21162136	44.67	4	255786	13.38	13677	11.94	15326	0.51	357348	NA	7.1	0.65
"1,386"	11000000	500	1	11000000	3618073	32.89	NA	NA	36.63	344	NA	NA	1.26	10018	NA	21.46	3.4
"6,363"	10313449	5000	1	10313449	435011	4.22	NA	NA	10.78	5726	NA	NA	0.54	114833	NA	27.45	1.17
"7,450"	7533015	5000	1	7533015	670345	8.9	4	155000	9.77	10119	9.19	10763	2.2	45029	NA	27.45	1.17
"1,956"	3000000	5000	1	3000000	162054	5.4	NA	NA	4.31	15118	NA	NA	0.52	124625	NA	30.14	2.17
"2,977"	14209804	5000	1	14209804	1792809	12.62	4	30000	7.35	2849	NA	NA	0.96	21807	NA	14.27	2.38
"7,083"	8564271	5000	1	8564271	691204	8.07	NA	NA	17.25	4793	NA	NA	0.44	188938	NA	27.45	1.17
"2,585"	18466948	500	1	18466948	3679787	19.93	NA	NA	8	1749	NA	NA	0.66	21180	NA	63.27	3.47
"2,020"	20000000	500	1	20000000	8905125	44.53	4	13000	18.3	552	NA	NA	0.41	24633	NA	189.41	3.74
"1,080"	34000000	500	1	34000000	1383330	4.07	NA	NA	352.78	9	NA	NA	2.42	1312	NA	63.27	3.47
"1,094"	40000000	500	1	40000000	282617	0.71	NA	NA	14.47	189	NA	NA	0.51	5330	NA	43.41	4.89
"2,373"	21000000	500	1	21000000	7309347	34.81	NA	NA	36.93	306	NA	NA	1.24	9121	NA	-30.14	2.68
"1,376"	90530915	500	1	90530915	2301133	2.54	NA	NA	253.33	6	NA	NA	0.56	2703	NA	-33.39	1.16
"1,795"	12731947	1000	1	12731947	178915	1.41	NA	NA	NA	-68	NA	NA	0.65	21798	NA	34.12	4.45
"1,369"	6694896	1000	1	6694896	136290	2.04	NA	NA	142.01	144	NA	NA	1.92	10662	NA	99.27	0.31
750	2499971	5000	1	2499971	95454	3.82	NA	NA	3.11	9632	NA	NA	0.36	83780	NA	14.35	1.12
"3,551"	13900000	1000	1	13900000	2470170	17.77	3	30000	14.59	1751	NA	NA	1.5	17081	NA	99.27	0.31
"3,313"	4055025	5000	1	4055025	678357	16.73	3.5	90000	26.88	3040	NA	NA	0.22	375991	NA	19.16	1.29
"1,138"	25000000	500	1	25000000	1715396	6.86	NA	NA	6.63	686	NA	NA	0.54	8447	NA	7.42	4.06
831	2154379	5000	1	2154379	169109	7.85	NA	NA	56.44	683	NA	NA	0.5	77804	NA	14.27	2.38
"1,630"	6613820	1000	1	6613820	1633135	24.69	NA	NA	143.31	172	NA	NA	3.51	7023	NA	189.41	3.74
414	10457940	1000	1	10457940	998044	9.54	NA	NA	NA	-370	NA	NA	3.97	997	NA	61.85	3.56
"7,931"	10395000	1000	1	10395000	1335653	12.85	4	88000	37.48	2036	NA	NA	4.57	16685	NA	189.41	3.74
"3,298"	26814737	500	1	26814737	2626791	9.8	NA	NA	56.94	216	NA	NA	0.97	12690	NA	34.12	4.45
"1,129"	96108437	1000	1	96108437	337125	0.35	NA	NA	20.98	56	NA	NA	0.67	1765	NA	6.3	2.81
774	21471450	500	1	21471450	404383	1.88	NA	NA	NA	-228	NA	NA	0.44	8250	1.39	43.41	4.89
"1,210"	19200000	500	1	19200000	13148226	68.48	NA	NA	NA	-242	NA	NA	0.56	11271	NA	43.41	4.89
"1,472"	2875800	1000	1	2875800	166946	5.81	NA	NA	8.09	6325	NA	NA	0.64	80113	NA	27.45	1.17
"2,435"	4568286	500	1	4568286	246733	5.4	NA	NA	6.41	8317	NA	NA	1.28	41691	NA	27.45	1.17
"2,162"	23479844	500	1	23479844	0	0	NA	NA	NA	-2190	NA	NA	0.47	19642	NA	43.41	4.89
"2,124"	27028437	500	1	27028437	2286311	8.46	NA	NA	NA	-3318	NA	NA	0.34	22814	NA	43.41	4.89
"4,480"	5000000	5000	1	5000000	369306	7.39	NA	NA	3.26	27470	NA	NA	0.32	280803	NA	19.16	1.29
753	362085308	100	1	362085308	12432821	3.43	NA	NA	NA	-4	NA	NA	2.85	73	NA	27.45	1.17
"1,139"	47474590	500	1	47474590	1046331	2.2	NA	NA	NA	-20	NA	NA	1.07	2249	NA	21.46	3.4
"6,305"	11569113	500	1	11569113	1537289	13.29	4	73250	13.78	3954	12.54	4346	1.82	29950	NA	37.84	-0.54
583	18000000	500	1	18000000	509972	2.83	NA	NA	21.74	149	NA	NA	0.67	4812	NA	-216.96	3.18
"3,436"	23779604	500	1	23779604	3308027	13.91	NA	NA	4.71	3070	NA	NA	0.91	15917	NA	27.45	1.17
584	12607989	1000	1	12607989	96303	0.76	NA	NA	NA	-1400	NA	NA	0.25	18292	NA	39.21	4.04
386	19486857	500	1	19486857	593754	3.05	NA	NA	NA	-43	NA	NA	1.37	1444	NA	189.41	3.74
941	20020000	500	1	20020000	149813	0.75	NA	NA	NA	-85	NA	NA	0.63	7464	NA	63.27	3.47
"2,057"	24516073	5000	1	24516073	2011816	8.21	3	7000	59.93	140	NA	NA	0.53	15734	NA	34.12	4.45
370	56857860	500	1	56857860	163746	0.29	NA	NA	NA	-378	NA	NA	0.7	936	NA	30.14	2.17
"1,545"	69751600	500	1	69751600	1797665	2.58	NA	NA	123.06	18	NA	NA	0.27	8191	NA	39.21	4.04
251	407592	5000	1	407592	3765	0.92	NA	NA	NA	-2826	NA	NA	1.18	52320	NA	-18.79	3.6
"2,877"	19308690	500	1	19308690	729899	3.78	NA	NA	143.27	104	NA	NA	0.39	37933	NA	11.67	3.18
"1조 3,818"	14000000	500	1	14000000	3686090	26.33	NA	NA	18.7	5279	NA	NA	1.2	82357	NA	43.41	4.89
"4,214"	35862119	5000	1	35862119	3658966	10.2	4	13500	NA	-51	60.88	193	0.22	52693	NA	41.1	2.67
"2,788"	2836300	5000	1	2836300	181137	6.39	4	112500	10.04	9787	NA	NA	0.46	213981	NA	41.1	2.67
"1,905"	4141657	5000	1	4141657	161021	3.89	NA	NA	NA	-1812	NA	NA	0.18	249662	NA	41.1	2.67
964	8570000	5000	1	8570000	192571	2.25	NA	NA	NA	-432	NA	NA	0.31	36270	NA	41.1	2.67
"3,000"	4000000	5000	1	4000000	27117	0.68	NA	NA	38.78	1934	NA	NA	0.15	510604	NA	41.1	2.67
917	28705031	500	1	28705031	721408	2.51	NA	NA	26.85	119	NA	NA	2.1	1522	NA	-13.5	0.3
"2,132"	69223286	500	1	69223286	1317303	1.9	NA	NA	NA	-80	NA	NA	1.08	2851	NA	-12.33	4.48
809	10000000	500	1	10000000	1492145	14.92	NA	NA	5.42	1492	NA	NA	0.19	42361	0.31	43.41	4.89
"1,272"	41040895	1000	1	41040895	3850915	9.38	NA	NA	10.33	300	NA	NA	0.26	12057	NA	-27.68	2
"2,846"	27765096	500	1	27765096	365220	1.32	NA	NA	NA	-737	NA	NA	0.69	14858	NA	43.41	4.89
"3,462"	56849456	500	1	56849456	182356	0.32	4	9275	358.24	17	16.78	363	2.18	2792	2.46	-22.81	0.98
"1,030"	57562997	1000	1	57562997	172469	0.3	NA	NA	4.17	429	NA	NA	1.21	1482	NA	14.27	2.38
879	151569422	500	1	151569422	1213947	0.8	NA	NA	NA	-161	NA	NA	1.14	509	NA	43.41	4.89
"2,755"	8610000	500	1	8610000	15414	0.18	NA	NA	40.92	782	NA	NA	2.78	11524	NA	43.41	4.89
"1,054"	10695682	500	1	10695682	6665753	62.32	NA	NA	NA	-1407	NA	NA	19.9	495	NA	-35.57	-0.05
"42조 1,868"	134997805	1000	1	134997805	27548124	20.41	3.92	372348	84.46	3700	72.25	4325	13.18	23717	NA	99.27	0.31
"1조 5,601"	30589758	100	1	30589758	2899131	9.48	4	48167	147.4	346	95.51	534	13	3923	NA	61.85	3.56
"3,888"	24000000	500	1	24000000	4522790	18.84	4	19000	12.72	1274	NA	NA	0.86	18854	NA	63.27	3.47
"2,505"	53985163	500	1	53985163	221192	0.41	NA	NA	4640	1	NA	NA	2.32	2001	NA	-30.14	2.68
"1,088"	2000000	500	1	2000000	18891	0.94	NA	NA	7.7	7067	NA	NA	2.07	26235	NA	21.31	0.98
"2,563"	4029782	5000	1	4029782	367827	9.13	NA	NA	5.35	11885	NA	NA	0.54	117685	NA	14.27	2.38
"2,545"	10080029	5000	1	10080029	1896442	18.81	NA	NA	NA	-1011	NA	NA	0.29	86952	NA	-25.13	-0.59
"1,530"	16000000	500	1	16000000	543385	3.4	NA	NA	164.83	58	NA	NA	0.29	32512	NA	27.45	1.17
"7,191"	201433941	500	1	201433941	6197130	3.08	NA	NA	55.78	64	NA	NA	3.88	921	NA	21.24	2.04
"2,328"	143708390	500	1	143708390	1127885	0.78	NA	NA	67.5	24	NA	NA	1	1622	NA	30.14	2.17
"2조 3,973"	9845181	5000	1	9845181	2403724	24.42	4	293286	NA	-31123	-48.12	-5060	0.71	343130	NA	-27.68	2
"2,288"	1720000	5000	1	1720000	70135	4.08	4	160000	3.55	37477	NA	NA	0.77	172763	NA	25.31	1.67
"2,380"	4000000	5000	1	4000000	114583	2.86	NA	NA	24.46	2433	NA	NA	1.2	49698	NA	7.42	4.06
"1조 2,209"	7140000	5000	1	7140000	348447	4.88	4	199333	27.08	6315	30.36	5632	1.98	86264	NA	30.14	2.17
"2,536"	3872480	5000	1	3872480	86392	2.23	4	76000	NA	-1840	-207.28	-316	0.82	79988	NA	-25.11	1.1
485	11828858	500	1	11828858	82485	0.7	NA	NA	NA	-2514	NA	NA	0.51	8079	NA	121.21	1.77
896	900000	5000	1	900000	235496	26.17	NA	NA	13.34	7456	NA	NA	0.29	348729	NA	30.14	2.17
"5,125"	9386237	5000	1	9386237	692133	7.37	NA	NA	11.63	4693	NA	NA	0.37	148270	4.58	6.3	2.81
"1,331"	85042499	500	1	85042499	1982462	2.33	NA	NA	NA	-42	NA	NA	0.58	2688	NA	30.14	2.17
"1,428"	71047521	500	1	71047521	2854289	4.02	NA	NA	28.71	70	NA	NA	1.91	1054	NA	15.56	1.05
"5조 1,289"	52984990	500	1	52984990	6149952	11.61	NA	NA	2688.89	36	NA	NA	12.99	7454	NA	99.27	0.31
"1,028"	34958700	500	1	34958700	188171	0.54	NA	NA	27.74	106	NA	NA	1.34	2198	NA	14.27	2.38
"3,606"	52330123	NA	NA	NA	NA	NA	NA	NA	NA	NA	NA	NA	NA	NA	NA	NA	NA
17조 712	516526835	5000	1	516526835	299586638	58	3.95	41453	4.74	6973	4.85	6818	0.4	82295	NA	4.89	0.72
271	1214878	5000	1	1214878	13864	1.14	NA	NA	74.09	301	NA	NA	0.79	28270	NA	41.1	2.67
"1,027"	9600000	500	1	9600000	39093	0.41	NA	NA	12.43	861	NA	NA	1.09	9840	NA	196.57	0.91
"1,644"	239359627	500	1	239359627	5517498	2.31	NA	NA	NA	-196	NA	NA	0.74	923	NA	30.14	2.17
"3조 4,464"	503859595	100	1	503859595	16306952	3.24	4	7814	27.47	249	23.92	286	2	3413	NA	34.12	4.45
"4,151"	149840002	5000	1	149840002	114757173	76.59	NA	NA	NA	-3075	NA	NA	4.24	654	NA	54.34	11.24
"1,624"	34845011	500	1	34845011	821626	2.36	NA	NA	34.78	134	NA	NA	2.58	1806	NA	61.85	3.56
804	12033862	500	1	12033862	67423	0.56	NA	NA	NA	-2435	NA	NA	34.26	195	NA	-13.5	0.3
226	25070772	500	1	25070772	357917	1.43	NA	NA	NA	-133	NA	NA	0.62	1441	NA	-35.57	-0.05
"2조 9,818"	17285715	500	1	17285715	1547354	8.95	4	169911	60.15	2868	49.71	3470	6.09	28347	0.55	-30.14	2.68
"2,530"	77124820	500	1	77124820	874193	1.13	NA	NA	61.89	53	NA	NA	4.03	813	NA	34.66	6.1
13조 362	58458490	500	1	58458490	19030866	32.55	3.65	214882	358.52	622	192.57	1158	3.38	66032	NA	82.47	2.35
5조 382	82458180	500	1	82458180	16453147	19.95	3.57	61500	215.9	283	122.44	499	1.67	36619	NA	82.47	2.35
"2,062"	2191024	5000	1	2191024	87397	3.99	NA	NA	5.71	16471	NA	NA	0.22	423056	NA	14.27	2.38
"3,495"	3895809	5000	1	3895809	175489	4.5	4	85000	19.32	4643	NA	NA	0.44	205604	NA	34.12	4.45
"3,672"	8956502	5000	1	8956502	578880	6.46	NA	NA	7.89	5196	NA	NA	0.6	68704	NA	14.27	2.38
"2,686"	11100000	500	1	11100000	5906	0.05	NA	NA	NA	-127	NA	NA	1.99	12173	NA	25.31	1.67
"1조 1,980"	74411764	5000	1	37198441	15355311	41.28	3.33	14573	NA	-11565	-1.96	-8211	2.4	6708	NA	-4.92	2.65
"2,927"	35393340	500	1	35393340	4511871	12.75	NA	NA	18.54	446	NA	NA	0.73	11315	NA	25.05	1.32
"1조 6,713"	30892606	500	1	30892606	1665424	5.39	4	59286	13.04	4148	13.05	4146	1.4	38578	NA	7.42	4.06
"2,325"	146235748	500	1	146235748	3331323	2.28	NA	NA	NA	-473	NA	NA	1.76	901	NA	-18.79	3.6
"6,503"	57545890	5000	1	57545890	681717	1.18	4	15000	5.54	2039	NA	NA	0.73	15432	NA	4.53	1.14
"4,676"	83207283	500	1	83207283	732531	0.88	NA	NA	96.9	58	NA	NA	2	2809	NA	21.46	3.4
"6,431"	26409935	1000	1	26409935	528764	2	3.5	25500	33.54	726	41.55	586	1.93	12609	NA	82.47	2.35
"3,095"	32040000	500	1	32040000	5199856	16.23	4	13000	10.47	923	NA	NA	0.78	12316	NA	63.27	3.47
"1,056"	59991641	500	1	59991641	368421	0.61	NA	NA	NA	-114	NA	NA	1.9	928	NA	21.31	0.98
"1조 1,039"	48203277	500	1	48203277	7471007	15.5	4	23100	24.6	931	15.65	1463	0.76	30043	NA	43.41	4.89
"3조 3,249"	37999178	500	1	37999178	21330033	56.13	4	110000	23.03	3800	NA	NA	2.18	40174	NA	25.05	1.32
647	15604898	500	1	15604898	1958240	12.55	NA	NA	21.15	196	NA	NA	0.39	10498	NA	43.41	4.89
521	14934008	500	1	14934008	832722	5.58	NA	NA	17.11	204	NA	NA	0.32	11034	NA	43.41	4.89
"11조 5,904"	78313250	500	1	78313250	3869070	4.94	3	150000	NA	-1100	NA	NA	26.18	5653	NA	99.27	0.31
"2,159"	25016587	500	1	25016587	282862	1.13	NA	NA	81.42	106	NA	NA	8.07	1070	NA	7.42	4.06
"3,024"	82070000	1000	1	41026794	521139	1.27	NA	NA	NA	-2550	NA	NA	9.83	375	NA	-4.92	2.65
256	3792775	NA	NA	NA	NA	NA	NA	NA	NA	NA	NA	NA	NA	NA	NA	NA	NA
"2,041"	27033459	500	1	27033459	2726523	10.09	NA	NA	NA	-1442	NA	NA	0.91	8265	NA	82.47	2.35
358	21826409	500	1	21826409	0	0	NA	NA	NA	-704	NA	NA	0.44	3727	NA	61.85	3.56
"3,540"	182946253	500	1	182946253	4142025	2.26	NA	NA	NA	-155	NA	NA	1.05	1844	NA	-30.14	2.68
"4,922"	398575766	500	1	398575766	14783382	3.71	NA	NA	39.84	31	NA	NA	0.97	1268	NA	99.27	0.31
"1,203"	22607693	500	1	22607693	11347	0.05	NA	NA	7.07	753	NA	NA	1.44	3705	NA	7.1	0.65
21조 100	21954022	500	1	21954022	10816655	49.27	3.96	1159600	37.45	25556	32.94	29057	6.14	155811	NA	33.06	1.05
"4,549"	33696000	500	1	33696000	4304927	12.78	3.5	15250	562.5	24	NA	NA	1.05	12869	NA	19.01	0.77
"1조 4,439"	19565025	500	1	19565025	2292341	11.72	4	105750	49.17	1501	19.8	3728	0.84	88088	NA	33.06	1.05
"1,144"	79983352	500	1	79983352	1543153	1.93	NA	NA	NA	-239	NA	NA	1.24	1157	NA	-30.14	2.68
412	79439210	100	1	79439210	879779	1.11	NA	NA	3.31	157	NA	NA	0.45	1164	NA	-18.79	3.6
"1,214"	36720000	500	1	36720000	1054943	2.87	NA	NA	9.44	350	NA	NA	0.47	6987	NA	63.27	3.47
"3,462"	84348589	NA	1	84348589	1720614	2.04	NA	NA	NA	-746	NA	NA	0.8	5150	NA	54.34	11.24
2조 550	30000000	5000	1	30000000	4206232	14.02	4	79222	26.4	2595	21.63	3167	1.44	47563	NA	-216.96	3.18
793	20000000	500	1	20000000	10575074	52.88	NA	NA	39.65	100	NA	NA	0.53	7501	NA	63.27	3.47
"1조 4,999"	44311468	500	1	44311468	10503338	23.7	4	43667	9.16	3696	8.46	3999	0.75	45125	NA	30.14	2.17
"5,175"	13635592	500	1	13635592	2979644	21.85	NA	NA	4.56	8330	NA	NA	0.3	124957	NA	30.14	2.17
"1조 2,894"	182892731	500	1	182892731	7684563	4.2	NA	NA	NA	-4	NA	NA	10.91	646	NA	99.27	0.31
"9,836"	1842040	5000	1	1842040	86290	4.68	NA	NA	5.31	100629	NA	NA	0.27	1959363	NA	-186.03	1.86
"1,285"	22200000	500	1	22200000	47244	0.21	NA	NA	14.37	403	NA	NA	0.82	7061	NA	39.21	4.04
"1,364"	53394505	500	1	53394505	165254	0.31	NA	NA	NA	-155	NA	NA	1.67	1532	NA	43.41	4.89
"1,127"	92734032	500	1	92734032	973517	1.05	NA	NA	NA	-90	NA	NA	0.43	2839	NA	41.1	2.67
"2,070"	6000000	5000	1	6000000	899382	14.99	NA	NA	NA	-5384	NA	NA	0.29	120617	NA	19.16	1.29
2조 600	3671981	5000	1	3671981	599024	16.31	3.67	695833	18.96	29596	16.97	33053	1.4	401831	NA	27.45	1.17
"2,401"	118569966	500	1	118569966	1098364	0.93	NA	NA	NA	-125	NA	NA	4.41	459	NA	-58.26	0.51
"4조 7,641"	39536132	500	1	39536132	16549755	41.86	4	172059	17.4	6924	16.34	7374	2.61	46201	NA	27.45	1.17
"8,238"	62645422	500	1	62645422	3923051	6.26	NA	NA	11.81	1113	NA	NA	0.4	32821	NA	27.45	1.17
"2,115"	48133333	5000	1	48133333	682409	1.42	NA	NA	NA	-261	NA	NA	0.55	8010	NA	-25.11	1.1
"7조 1,504"	722267683	5000	1	722267683	181749840	25.16	3.88	12400	5.31	1865	5.1	1942	0.31	31502	NA	4.89	0.72
"1,508"	14712933	500	1	14712933	340484	2.31	NA	NA	60.29	170	NA	NA	1.92	5329	NA	99.27	0.31
"1,295"	50399433	500	1	50399433	725697	1.44	NA	NA	16.47	156	NA	NA	2.11	1220	NA	25.31	1.67
"4,616"	874203406	500	1	874203406	18569305	2.12	NA	NA	5.33	99	NA	NA	0.87	609	NA	4.53	1.14
"1,018"	30900000	500	1	30900000	522411	1.69	NA	NA	5.95	554	NA	NA	0.49	6735	NA	27.45	1.17
769	18314054	500	1	18314054	162930	0.89	NA	NA	46.67	90	NA	NA	0.61	6834	NA	43.41	4.89
910	20202234	500	1	20202234	145468	0.72	NA	NA	112.63	40	NA	NA	0.75	5967	NA	-30.14	2.68
606	7622000	500	1	7622000	64427	0.85	NA	NA	NA	-98	NA	NA	0.56	14100	NA	7.42	4.06
547	10000000	500	1	10000000	217991	2.18	NA	NA	683.75	8	NA	NA	0.98	5608	NA	-30.14	2.68
837	79378330	500	1	79378330	1051896	1.33	NA	NA	NA	-1648	NA	NA	1.97	536	NA	29.15	1.43
"3,119"	115505985	500	1	115505985	6165508	5.34	4	3800	NA	-1365	NA	NA	0.82	3296	NA	-19.08	0.72
431	2200000	5000	1	2200000	24916	1.13	NA	NA	2.7	7258	NA	NA	0.38	51089	NA	14.27	2.38
"1,130"	45310327	500	1	45310327	429632	0.95	NA	NA	NA	-1047	NA	NA	2.31	1078	NA	30.14	2.17
"1,059"	65157878	1000	1	65157878	1802128	2.77	NA	NA	NA	-550	NA	NA	0.92	1767	NA	30.14	2.17
"8,301"	16244822	500	1	16244822	1011338	6.23	NA	NA	27.59	1852	NA	NA	2.76	18496	NA	99.27	0.31
"4,427"	8889843	5000	1	8889843	1143929	12.87	4	68000	6.3	7901	NA	NA	0.56	89537	2.81	63.27	3.47
954	15611619	500	1	15611619	51446	0.33	NA	NA	NA	-347	NA	NA	0.94	6479	NA	34.12	4.45
"1,594"	42000000	500	1	42000000	0	0	NA	NA	NA	-42	NA	NA	1.87	2030	NA	43.41	4.89
"1,031"	68710343	500	1	68710343	1371028	2	NA	NA	9.32	161	NA	NA	1.1	1364	NA	30.14	2.17
"3,796"	27307225	500	1	27307225	13014275	47.66	4	15000	26.73	520	NA	NA	1.7	8185	NA	21.24	2.04
869	25947500	500	1	25947500	4279667	16.49	NA	NA	14.96	224	NA	NA	0.32	10550	NA	43.41	4.89
"1,451"	26041812	2500	1	26041812	1569227	6.03	NA	NA	18.2	306	NA	NA	0.59	9368	NA	11.67	3.18
"6,527"	199596576	5000	1	199596576	128054555	64.16	NA	NA	8.52	384	NA	NA	0.5	6499	NA	6.3	2.81
714	58494201	500	1	58494201	3430122	5.86	NA	NA	NA	-1749	NA	NA	1.73	1412	NA	83.7	2.6
513	13195454	500	1	13195454	237769	1.8	NA	NA	NA	-330	NA	NA	1.3	2986	NA	25.31	1.67
"1,069"	8035247	1000	1	8035247	54626	0.68	4	17000	33	403	NA	NA	1.07	12482	NA	99.27	0.31
"4,107"	96866418	5000	1	96866418	7315815	7.55	NA	NA	6.49	653	NA	NA	0.47	8994	NA	6.3	2.81
"4조 8,538"	66856810	1000	1	66856810	13463475	20.14	4	79310	27.97	2596	22.87	3174	2.57	28299	NA	99.27	0.31
"1,293"	56702415	1000	1	56702415	1687115	2.98	NA	NA	29.23	78	NA	NA	0.3	7665	NA	6.3	2.81
"5,741"	24800000	500	1	24800000	1863838	7.52	NA	NA	25.89	894	NA	NA	1.66	13922	NA	14.27	2.38
"1,254"	10952635	5000	1	10952635	557589	5.09	NA	NA	50.22	228	NA	NA	0.67	17055	NA	34.12	4.45
684	33442000	500	1	33442000	1126114	3.37	NA	NA	NA	-123	NA	NA	0.69	2974	NA	21.46	3.4
"1조 2,600"	20000000	500	1	20000000	5927622	29.64	4	76824	19.62	3211	19.27	3269	1.63	38672	NA	17.83	1.79
"3,243"	63341590	NA	NA	NA	NA	NA	NA	NA	NA	NA	NA	NA	NA	NA	NA	NA	NA
"4조 7,946"	27875819	5000	1	27875819	8825481	31.66	4	220105	8.58	20035	8.84	19459	0.51	337167	NA	-27.68	2
"1,560"	41268398	1000	1	41268398	1381079	3.35	NA	NA	NA	-1926	NA	NA	2.02	1874	NA	61.85	3.56
"3,823"	24193925	5000	1	24193925	510650	2.11	4	16000	26.69	592	NA	NA	0.93	17054	NA	63.27	3.47
306	42851600	500	1	42851600	286616	0.67	NA	NA	10.98	65	NA	NA	0.57	1261	NA	-18.79	3.6
"2,033"	723342542	200	1	723342542	2321787	0.32	NA	NA	NA	-19	NA	NA	1.31	215	NA	-12.33	4.48
"1,601"	42310049	500	1	42310049	304344	0.72	NA	NA	NA	-597	NA	NA	2.56	1479	NA	-30.14	2.68
"3,583"	17562390	500	1	17562390	76031	0.43	NA	NA	128.3	159	NA	NA	1.58	12892	NA	99.27	0.31
"3,321"	103139897	1000	1	103139897	1064772	1.03	NA	NA	NA	-54	NA	NA	1.24	2592	NA	-25.11	1.1
989	20600000	NA	NA	NA	NA	NA	NA	NA	NA	NA	NA	NA	NA	NA	NA	NA	NA
"1,132"	24000000	NA	NA	NA	NA	NA	NA	NA	NA	NA	NA	NA	NA	NA	NA	NA	NA
441	2800000	5000	1	2800000	5563	0.2	NA	NA	NA	-1897	NA	NA	0.44	35450	NA	63.27	3.47
931	58932995	500	1	58932995	177645	0.3	NA	NA	NA	-181	NA	NA	1.91	828	NA	30.14	2.17
"2,062"	51561397	500	1	51561397	319442	0.62	NA	NA	NA	-522	NA	NA	2.81	1424	NA	30.14	2.17
"2,341"	100909096	500	1	100909096	4520687	4.48	NA	NA	NA	-278	NA	NA	6.88	337	NA	11.55	0.64
"3,214"	15160128	500	1	15160128	692792	4.57	NA	NA	NA	-315	NA	NA	1.69	12573	NA	43.41	4.89
"1,081"	4374754	5000	1	4374754	56977	1.3	NA	NA	10.41	2373	NA	NA	0.55	44634	NA	19.16	1.29
"1,157"	29747874	500	1	29747874	143958	0.48	NA	NA	NA	-891	NA	NA	0.6	6487	NA	11.67	3.18
724	10000000	500	1	10000000	1111013	11.11	NA	NA	NA	-179	NA	NA	0.77	9371	NA	43.41	4.89
"4,463"	23803285	1000	1	23803285	1512366	6.35	4	21500	NA	-615	NA	NA	1.71	10941	NA	99.27	0.31
"1,685"	11540400	1000	1	11540400	243539	2.11	NA	NA	NA	-3682	NA	NA	1.27	11539	NA	99.27	0.31
786	54024880	500	1	54024880	34274260	63.44	NA	NA	38.29	38	NA	NA	0.85	1705	NA	7.42	4.06
"2,218"	2660000	5000	1	2660000	69353	2.61	NA	NA	49.67	1679	NA	NA	0.37	224476	NA	99.27	0.31
"2,110"	2400000	5000	1	2400000	180524	7.52	NA	NA	71.58	1228	NA	NA	0.29	305044	NA	30.14	2.17
"1,568"	77456610	500	1	77456610	788075	1.02	NA	NA	144.64	14	NA	NA	2.98	680	NA	34.12	4.45
1조 325	19085664	2500	1	19085664	1499327	7.86	NA	NA	100	541	NA	NA	4.86	11121	NA	99.27	0.31
214	1200000	5000	1	1200000	13043	1.09	NA	NA	NA	-2088	NA	NA	0.65	27355	NA	43.41	4.89
"7,172"	14202975	1000	1	14202975	196712	1.39	NA	NA	100.4	503	NA	NA	3.93	12838	NA	21.46	3.4
"1,535"	28314440	500	1	28314440	2182981	7.71	4	5622	NA	-1045	NA	NA	5.68	954	NA	-3.27	1.43
"2조 7,666"	46110835	500	1	46110835	4034520	8.75	4	60556	62.24	964	53.62	1119	4.56	13170	NA	61.85	3.56
"1,227"	37080390	1000	1	37080390	980029	2.64	NA	NA	NA	-46	NA	NA	0.4	8301	NA	-216.96	3.18
"2,887"	49347483	1000	1	49347483	996074	2.02	NA	NA	28.96	202	NA	NA	0.91	6451	NA	-216.96	3.18
"5,800"	21929315	500	1	21929315	91337	0.42	NA	NA	NA	-649	NA	NA	1.17	22691	NA	82.47	2.35
"3,616"	26782520	1000	1	26782520	656629	2.45	4	12225	20.03	674	17.42	775	2.32	5830	NA	7.42	4.06
"3,956"	17900000	500	1	17900000	2382262	13.31	4	26500	NA	-602	NA	NA	1.37	16152	NA	61.85	3.56
553	1680000	5000	1	1680000	13389	0.8	NA	NA	NA	-16748	NA	NA	0.56	58295	NA	30.14	2.17
"8,528"	165600000	NA	NA	NA	NA	NA	NA	NA	NA	NA	NA	NA	NA	NA	NA	NA	NA
998	13335601	100	1	13335601	91618	0.69	NA	NA	17.16	436	NA	NA	0.6	12544	NA	30.14	2.17
843	36909430	500	1	36909430	516461	1.4	NA	NA	NA	-1565	NA	NA	1.21	1885	NA	82.47	2.35
"6,677"	16385071	5000	1	4915521	1157649	23.55	3.92	39625	NA	-3737	-14.11	-2888	2.36	17276	NA	-18.79	3.6
"2조 3,411"	115041225	200	1	115041225	37677023	32.75	4	27313	17.25	1180	16.38	1242	2.14	9506	NA	17.83	1.79
"7,720"	14704872	500	1	14704872	687102	4.67	NA	NA	NA	-505	NA	NA	4.4	11938	NA	99.27	0.31
711	10000000	500	1	10000000	483568	4.84	NA	NA	17.38	409	NA	NA	0.63	11266	NA	21.46	3.4
"3,091"	15973355	500	1	15973355	1522070	9.53	NA	NA	NA	-5527	NA	NA	0.74	26133	NA	99.27	0.31
"1,425"	32128774	5000	1	32128774	643438	2	NA	NA	6.26	709	NA	NA	0.28	15894	NA	4.89	0.72
"7,854"	38499615	5000	1	19245958	473845	2.46	3	16000	NA	-9414	-2.15	-9481	3.81	5350	NA	-4.92	2.65
796	12800000	500	1	12800000	331092	2.59	NA	NA	12.62	493	NA	NA	0.31	20253	NA	34.12	4.45
"3,837"	6649138	5000	1	6649138	25287	0.38	NA	NA	19.39	2976	NA	NA	0.67	85825	NA	30.14	2.17
"1,075"	5192239	5000	1	5192239	8247	0.16	NA	NA	33.55	617	NA	NA	2.1	9840	NA	63.27	3.47
"3,128"	4000000	5000	1	4000000	115865	2.9	NA	NA	7.57	10327	NA	NA	0.41	189281	NA	21.46	3.4
"1,339"	1257651	500	1	1257651	69247	5.51	NA	NA	11.65	9142	NA	NA	0.96	111239	NA	41.1	2.67
499	83774593	500	1	83774593	567336	0.68	NA	NA	NA	-1055	NA	NA	0.4	1508	NA	21.46	3.4
"1,029"	600000	5000	1	600000	0	0	NA	NA	11.42	15022	NA	NA	0.78	218780	NA	27.45	1.17
"2조 1,227"	10885685	2500	1	10885685	1455223	13.37	4	199483	23.13	8429	NA	NA	4.07	47895	NA	99.27	0.31
"3,835"	5485962	2500	1	5485962	61103	1.11	2	29000	35.96	1944	NA	NA	2.27	30810	NA	99.27	0.31
"5,561"	5009861	2500	1	5009861	554554	11.07	4	166000	9.81	11316	NA	NA	1.09	101448	NA	99.27	0.31
565	54612089	200	1	54612089	1033610	1.89	NA	NA	NA	-42	NA	NA	1.33	780	NA	-35.57	-0.05
"1조 5,271"	14406749	500	1	14406749	3265410	22.67	4	127571	21.39	4955	18.34	5779	3.33	31826	NA	21.31	0.98
"1,614"	19072280	500	1	19072280	10708841	56.15	NA	NA	NA	-427	NA	NA	0.74	11356	NA	43.41	4.89
"4,556"	11578744	5000	1	11578744	153837	1.33	4	56000	28.35	1388	NA	NA	0.25	154564	NA	5.34	0.76
198	64581636	500	1	64581636	588281	0.91	NA	NA	NA	-241	NA	NA	1.7	180	NA	43.41	4.89
999	16567409	1000	1	16567409	5562705	33.58	NA	NA	5.06	1192	NA	NA	0.74	8128	NA	17.83	1.79
538	12447744	500	1	12447744	165597	1.33	NA	NA	NA	-60	NA	NA	0.55	7833	NA	30.14	2.17
619	13000000	500	1	13000000	56027	0.43	NA	NA	8.12	586	NA	NA	1.39	3430	NA	63.27	3.47
358	10000000	500	1	10000000	345049	3.45	NA	NA	18.43	194	NA	NA	1.33	2690	NA	63.27	3.47
"1,546"	55895292	500	1	55895292	1399463	2.5	NA	NA	4.82	574	NA	NA	0.47	5904	NA	63.27	3.47
551	12000000	500	1	12000000	29445	0.25	NA	NA	255	18	NA	NA	1.98	2313	NA	63.27	3.47
"7,582"	45000000	1000	1	22495500	596490	2.65	3.4	14750	NA	-5897	-3.28	-5145	14.99	1124	NA	-4.92	2.65
"8,417"	44771008	1000	1	44771008	5280549	11.79	NA	NA	NA	-345	NA	NA	7.65	2457	NA	-58.26	0.51
"4,277"	145471745	500	1	145471745	243215	0.17	NA	NA	94.84	31	NA	NA	4.08	721	NA	7.42	4.06
829	55445022	500	1	55445022	2680935	4.84	NA	NA	10.68	140	NA	NA	0.97	1542	NA	83.7	2.6
949	1429220	5000	1	1429220	3620	0.25	NA	NA	NA	-2725	NA	NA	2.13	31170	NA	51.92	1.31
460	24000000	500	1	24000000	122355	0.51	NA	NA	NA	-221	NA	NA	2.34	819	NA	43.41	4.89
"38조 9,409"	88501998	500	1	88501998	29768669	33.64	4	495040	NA	-901	85.34	5156	5.9	74548	NA	114.98	2.7
"1,572"	40000000	500	1	40000000	2105166	5.26	NA	NA	NA	-3083	NA	NA	1.16	3391	NA	63.27	3.47
539	13141388	500	1	13141388	29979	0.23	NA	NA	NA	-1884	NA	NA	17.9	229	NA	39.21	4.04
470	66042072	500	1	66042072	610769	0.92	NA	NA	NA	-254	NA	NA	0.29	2469	NA	43.41	4.89
"3,748"	13554044	500	1	13554044	1516592	11.19	NA	NA	6.74	4101	NA	NA	0.63	43857	NA	21.24	2.04
"1조 7,862"	8886471	5000	1	8886471	1049378	11.81	4	200000	NA	-315	NA	NA	0.37	542803	NA	34.12	4.45
"5,861"	15970512	1000	1	15970512	1013967	6.35	NA	NA	NA	NA	NA	NA	0.33	110614	NA	118.2	4.45
"5,966"	20861556	500	1	20861556	2176056	10.43	4	34500	14.04	2037	NA	NA	1.83	15658	NA	21.24	2.04
"1,334"	30000000	500	1	30000000	156158	0.52	NA	NA	15.82	281	NA	NA	0.67	6618	NA	11.67	3.18
589	46224127	NA	NA	NA	NA	NA	NA	NA	NA	NA	NA	NA	NA	NA	NA	NA	NA
"6조 1,883"	261111808	5000	1	127944788	114567102	89.54	4	33690	10.1	2347	9.13	2597	0.41	57342	NA	11.55	0.64
"4,122"	47821966	2500	1	23432763	7856519	33.53	4	13100	6.45	1337	6.25	1379	0.56	15395	NA	-18.79	3.6
"11조 1,207"	137292497	5000	1	137292497	55487990	40.42	4	111824	11.3	7168	10.31	7859	1.16	70129	NA	11.24	0.5
"3,283"	69620000	NA	NA	NA	NA	NA	NA	NA	NA	NA	NA	NA	NA	NA	NA	NA	NA
"3,342"	23620751	500	1	23620751	628290	2.66	4	20000	29.92	473	NA	NA	1.11	12697	NA	61.85	3.56
"9,052"	120369116	500	1	120369116	34858343	28.96	4	11000	6.05	1242	NA	NA	0.31	24025	NA	7.1	0.65
"9,768"	10049509	500	1	10049509	2412770	24.01	3.94	133647	24.06	4040	23.12	4204	2.66	36511	NA	82.47	2.35
"1,652"	9603921	500	1	9603921	545963	5.68	NA	NA	36.83	467	NA	NA	0.53	32607	NA	99.27	0.31
"5,850"	29247965	1000	1	29247965	632374	2.16	4	29250	263.16	76	NA	NA	3.86	5187	NA	63.27	3.47
"3,303"	26110825	1000	1	26110825	265643	1.02	NA	NA	NA	-500	NA	NA	2.49	5078	NA	63.27	3.47
393	30907210	500	1	30907210	834629	2.7	NA	NA	NA	-35	NA	NA	1.66	767	NA	21.31	0.98
"2,721"	12626426	5000	1	12626426	1568563	12.42	NA	NA	2.94	7341	NA	NA	0.43	50594	NA	63.27	3.47
"4,903"	25210438	5000	1	25210438	685167	2.72	4	25250	5.74	3388	5.4	3600	0.95	20472	NA	7.42	4.06
"2,376"	68658635	1000	1	68658635	471781	0.69	NA	NA	NA	-325	NA	NA	3.63	952	NA	30.14	2.17
"1조 1,412"	26978840	5000	1	26978840	4228804	15.67	4	53167	7.57	5585	7.86	5382	0.59	72011	NA	63.27	3.47
"2,014"	38000000	1000	1	38000000	513824	1.35	4	6300	NA	-74	NA	NA	1.05	5040	NA	63.27	3.47
"5조 4,612"	73799619	500	1	73799619	44967177	60.93	4	94222	15.29	4839	12.67	5841	3.76	19700	NA	15.56	1.05
"1,014"	67851466	500	1	67851466	215604	0.32	NA	NA	NA	-53	NA	NA	1.1	1363	NA	25.31	1.67
"6,750"	7112437	500	1	7112437	396401	5.57	NA	NA	6.53	14536	NA	NA	0.79	119584	NA	15.56	1.05
"8,616"	22437330	100	1	22437330	1241285	5.53	4	54500	11.21	3426	NA	NA	1.75	21937	NA	15.56	1.05
"1,409"	227211638	500	1	227211638	2026544	0.89	NA	NA	NA	-11	NA	NA	1.29	482	NA	-30.14	2.68
"1,102"	12523850	200	1	12523850	107535	0.86	NA	NA	5.68	1548	NA	NA	0.75	11658	NA	27.45	1.17
"1,318"	14847347	500	1	14847347	384354	2.59	NA	NA	NA	-225	NA	NA	0.47	18805	NA	27.45	1.17
"2,711"	18505691	500	1	18505691	444821	2.4	4	14500	79.19	185	NA	NA	9.93	1476	NA	114.98	2.7
"3조 5,875"	24077313	5000	1	24077313	5368511	22.3	3.93	157286	6.58	22659	6.13	24322	1.42	105033	NA	6.3	2.81
685	62022534	500	1	62022534	0	0	NA	NA	NA	-2054	NA	NA	3.89	284	NA	-18.79	3.6
"1,175"	27583100	500	1	27583100	361501	1.31	NA	NA	27.66	154	NA	NA	0.89	4802	NA	21.46	3.4
"1,625"	29228750	500	1	29228750	1033088	3.53	NA	NA	NA	-140	NA	NA	0.69	8096	NA	21.46	3.4
"1,537"	11600000	500	1	11600000	209483	1.81	NA	NA	13.17	1006	NA	NA	1.28	10379	NA	63.27	3.47
"9,174"	1113400	5000	1	1113400	88490	7.95	NA	NA	8.84	93173	NA	NA	0.21	3976576	NA	63.27	3.47
"3,838"	70805940	500	1	70805940	1560136	2.2	NA	NA	NA	-36	NA	NA	1.22	4458	NA	14.27	2.38
444	36700000	500	1	36700000	921362	2.51	NA	NA	NA	-93	NA	NA	0.61	1992	NA	43.41	4.89
"5,310"	38899098	500	1	38899098	4293804	11.04	NA	NA	1.77	7723	NA	NA	0.89	15418	NA	7.42	4.06
349	7600000	500	1	7600000	163610	2.15	NA	NA	148.23	31	NA	NA	1.07	4288	NA	43.41	4.89
"1,076"	48149587	500	1	48149587	1185438	2.46	2	NA	NA	-359	NA	NA	0.64	3512	NA	30.14	2.17
"1,878"	4717650	500	1	4717650	102444	2.17	NA	NA	12.93	3079	NA	NA	1.67	23773	NA	63.27	3.47
"1,159"	9702706	500	1	9702706	113665	1.17	4	16000	42.68	280	NA	NA	0.62	19233	NA	84.64	0.53
"1,563"	17640000	200	1	17640000	106213	0.6	NA	NA	NA	-1810	NA	NA	2.09	4249	NA	82.47	2.35
357	20856819	500	1	20856819	133848	0.64	NA	NA	NA	-4256	NA	NA	0.45	3771	NA	30.14	2.17
654	18000000	500	1	18000000	158799	0.88	NA	NA	NA	-1174	NA	NA	1.13	3210	NA	43.41	4.89
1조 594	37500902	500	1	37500902	2979079	7.94	4	34000	NA	NA	NA	NA	1.32	21452	NA	7.76	4.06
"3,001"	110330279	500	1	55154107	549340	1	3.25	2629	NA	-1796	-1.63	-1672	2.7	1006	NA	-4.92	2.65
874	76680856	500	1	76680856	546280	0.71	NA	NA	NA	-1029	NA	NA	0.99	1146	NA	-4.92	2.65
"9,204"	59958950	500	1	59958950	4804143	8.01	NA	NA	133.48	115	NA	NA	16.42	935	NA	63.27	3.47
"2,725"	36727943	500	1	36727943	1718673	4.68	NA	NA	65.09	114	NA	NA	0.86	8598	NA	27.45	1.17
"2조 5,793"	534569512	1000	1	534569512	62596156	11.71	3.92	5485	19.07	253	17.05	283	0.85	5680	NA	111.6	5.52
"1,089"	48061460	500	1	48061460	1717983	3.57	NA	NA	NA	-82	NA	NA	3.04	745	NA	40.99	1.41
"3,352"	11500000	1000	1	11500000	2368567	20.6	4	35000	9.04	3223	NA	NA	0.59	49785	NA	21.31	0.98
947	37502728	500	1	37502728	264387	0.7	NA	NA	NA	-376	NA	NA	4.07	620	NA	39.21	4.04
673	54902259	500	1	54902259	1352167	2.46	NA	NA	NA	-10	NA	NA	2.72	450	NA	43.41	4.89
519	14625466	500	1	14625466	2165342	14.81	NA	NA	NA	-191	NA	NA	0.49	7318	NA	43.41	4.89
"23조 6,276"	87186835	5000	1	87186835	44485430	51.02	4	341389	24.82	10917	16.59	16336	0.48	566971	NA	41.1	2.67
"1,068"	6000000	5000	1	6000000	94374	1.57	NA	NA	23.67	752	NA	NA	0.48	36870	NA	21.46	3.4
"1조 8,938"	123375149	5000	1	123375149	13657882	11.07	3.83	18250	8.47	1813	6.92	2218	0.59	25908	NA	9.29	5.26
"7조 8,065"	60988220	500	1	60988220	4423435	7.25	3.87	96969	287.64	445	253.47	505	8.33	15365	NA	63.27	3.47
551	45007695	500	1	45007695	800802	1.78	NA	NA	NA	-221	NA	NA	0.85	1447	NA	82.47	2.35
"6,671"	38120539	500	1	38120539	295979	0.78	4	23000	43.21	405	27.17	644	1.87	9338	NA	27.45	1.17
"8,505"	28024278	5000	1	28024278	3953828	14.11	4	36167	18.47	1643	11.61	2614	0.6	50330	NA	21.46	3.4
"2,860"	7835167	5000	1	7835167	555260	7.09	NA	NA	16.91	2159	NA	NA	0.33	109849	NA	21.46	3.4
"7,375"	90043128	500	1	90043128	9630239	10.7	NA	NA	NA	-593	NA	NA	2.64	3107	NA	189.41	3.74
"11조 4,843"	300242062	5000	1	300242062	201865878	67.23	4	45210	4.68	8176	4.59	8336	0.36	104821	NA	4.89	0.72
"4,082"	16200000	500	1	16200000	4397	0.03	4	30500	15.73	1602	NA	NA	1.7	14832	NA	99.27	0.31
"8,503"	13939185	500	1	13939185	843256	6.05	3.5	57125	NA	-8801	-6.52	-9350	4.04	15095	NA	-25.11	1.1
257	13044500	NA	NA	NA	NA	NA	NA	NA	NA	NA	NA	NA	NA	NA	NA	NA	NA
192	16149790	NA	NA	NA	NA	NA	NA	NA	NA	NA	NA	NA	NA	NA	NA	NA	NA
378	1999944	5000	1	1999944	14417	0.72	NA	NA	NA	-1705	NA	NA	0.3	62831	NA	41.1	2.67
352	6281748	2500	1	6281748	112567	1.79	NA	NA	NA	-3509	NA	NA	1.06	5287	NA	-96.58	2.16
"2조 3,916"	70133611	5000	1	70133611	6221712	8.87	4	50706	32.23	1058	21.09	1617	2.18	15609	NA	98	0.9
"3,597"	23206765	5000	1	23206765	1178136	5.08	NA	NA	8.97	1728	NA	NA	0.71	21750	NA	98	0.9
"1,148"	70020000	NA	NA	NA	NA	NA	NA	NA	NA	NA	NA	NA	NA	NA	NA	NA	NA
"3조 2,310"	92313000	5000	1	27693901	8133819	29.37	3.85	35423	NA	-5436	-48.14	-727	0.4	86590	NA	19.16	1.29
"1,282"	3166355	5000	1	3166355	195054	6.16	NA	NA	NA	-10008	NA	NA	0.44	92647	NA	-24.8	0.5
"4조 8,927"	55725992	5000	1	55725992	16919242	30.36	4	99429	8.03	10929	7.35	11943	0.96	91165	NA	6.3	2.81
919	22863632	500	1	22863632	141390	0.62	NA	NA	103.08	39	NA	NA	0.64	6258	NA	21.46	3.4
"6,936"	10415000	500	1	10415000	2601983	24.98	NA	NA	14.08	4730	NA	NA	0.92	72077	NA	43.41	4.89
701	655200	5000	1	655200	13258	2.02	NA	NA	NA	-10101	NA	NA	0.47	228693	NA	63.27	3.47
938	4000000	5000	1	4000000	196350	4.91	NA	NA	7.64	3068	NA	NA	0.37	63345	NA	14.27	2.38
"3,178"	1300000	5000	1	1300000	822375	63.26	NA	NA	13.34	18327	NA	NA	3.29	74229	NA	-12.33	4.48
"4,885"	123977752	500	1	123977752	12522720	10.1	4	5150	4.11	959	NA	NA	0.65	6020	NA	4.24	0.49
16조 170	641964077	5000	1	256785634	111703497	43.5	3.93	33107	173.26	144	9.87	2527	0.23	107071	NA	71.48	0.6
444	46803136	500	1	46803136	2638679	5.64	NA	NA	NA	-281	NA	NA	0.39	2440	NA	21.24	2.04
"7조 8,204"	70773116	5000	1	70773116	11639987	16.45	4	134545	365.89	302	100.55	1099	0.67	164167	NA	-22.81	0.98
811	10950000	500	1	10950000	184796	1.69	NA	NA	NA	-356	NA	NA	0.83	8920	NA	7.42	4.06
189	11309259	500	1	11309259	163280	1.44	NA	NA	NA	-936	NA	NA	0.61	2731	NA	41.1	2.67
"2,002"	22800500	500	1	22800500	296388	1.3	NA	NA	20.09	437	NA	NA	0.7	12541	2.28	41.1	2.67
"3,458"	46050000	1000	1	46050000	6669604	14.48	4	8200	10.43	720	7.24	1038	0.46	16274	NA	41.1	2.67
"5,517"	43960757	500	1	43960757	10451241	23.77	4	14333	9.23	1360	11.02	1139	1.45	8646	NA	-22.81	0.98
"1조 1,807"	22881180	500	1	22881180	6371097	27.84	3.83	58364	37.12	1390	17.88	2886	2.36	21825	NA	82.47	2.35
"5,350"	18576719	500	1	18576719	3117853	16.78	NA	NA	11.69	2463	NA	NA	1.11	25914	NA	82.47	2.35
5조 665	123875069	500	1	123875069	49782055	40.19	3.83	41500	19.68	2078	13.18	3103	0.68	60301	NA	43.41	4.89
"1조 4,372"	93020173	500	1	93020173	6553175	7.04	4	19000	12.9	1198	11.24	1374	0.42	36684	NA	43.41	4.89
"5,075"	252489230	1000	1	252489230	34302221	13.59	4	2750	6.04	333	NA	NA	0.51	3943	NA	4.24	0.49
974	53242476	500	1	53242476	258061	0.48	NA	NA	NA	-295	NA	NA	0.99	1840	NA	41.1	2.67
"1,532"	80020000	NA	NA	NA	NA	NA	NA	NA	NA	NA	NA	NA	NA	NA	NA	NA	NA
"1,067"	30450420	1000	1	30450420	684299	2.25	NA	NA	14.25	246	NA	NA	0.48	7355	NA	43.41	4.89
"2조 9,291"	97475107	5000	1	97475107	14149685	14.52	3.75	30825	22.13	1358	20.48	1467	2.36	12715	NA	40.99	1.41
"2,008"	16068000	500	1	16068000	68409	0.43	NA	NA	NA	-462	NA	NA	5.71	2188	NA	82.47	2.35
"1,652"	4532000	500	1	4532000	28904	0.64	NA	NA	NA	-312	NA	NA	2.82	12936	NA	82.47	2.35
"3,135"	15637042	500	1	15637042	1582919	10.12	NA	NA	25.44	788	NA	NA	2.42	8288	NA	63.27	3.47
"4,170"	13763533	500	1	13763533	392615	2.85	4	47500	13.27	2283	NA	NA	1.13	26848	NA	99.27	0.31
"2,103"	38874942	5000	1	38874942	1273178	3.28	4	5500	3.55	1523	NA	NA	0.8	6725	NA	7.42	4.06
"4,445"	10472070	5000	1	10472070	1164290	11.12	4	46750	14.8	2869	11.48	3698	0.49	86599	NA	43.41	4.89
"1,205"	10957550	500	1	10957550	302850	2.76	4	13000	16.25	677	NA	NA	0.87	12600	NA	7.42	4.06
1조 429	51501501	200	1	51501501	2687947	5.22	4	20500	23.68	855	NA	NA	4.02	5040	NA	21.24	2.04
"4조 9,772"	66011149	500	1	66011149	1048581	1.59	NA	NA	342.73	220	NA	NA	7.72	9768	NA	99.27	0.31
"4조 1,451"	11843029	2500	1	11843029	1618520	13.67	3.73	356200	NA	-103	648.15	540	5.94	58954	NA	99.27	0.31
"2조 4,005"	23533928	1000	1	23533928	5444193	23.13	4	134800	35.81	2848	35.73	2855	2.99	34064	NA	21.31	0.98
"7,869"	24630000	500	1	24630000	7125282	28.93	4	41500	9.68	3300	9.77	3271	0.64	49598	NA	30.14	2.17
543	6209515	5000	1	6209515	105926	1.71	NA	NA	NA	-2262	NA	NA	0.94	9305	NA	27.45	1.17
"6,140"	40000000	500	1	40000000	3168967	7.92	4	22889	94.17	163	13.9	1104	1.43	10729	NA	30.14	2.17
436	12909322	500	1	12909322	84304	0.65	NA	NA	NA	-3455	NA	NA	0.4	8395	NA	30.14	2.17
"2,872"	40000000	500	1	40000000	1166029	2.92	4	8000	17.86	402	NA	NA	0.98	7293	NA	30.14	2.17
841	27477425	500	1	27477425	805689	2.93	NA	NA	9.81	312	NA	NA	1.56	1965	NA	11.67	3.18
"3,165"	23800576	5000	1	23800576	3773783	15.86	4	20000	4.41	3015	NA	NA	0.49	26970	NA	39.21	4.04
"2조 2,252"	11295195	5000	1	11295195	4500110	39.84	4	200833	18.96	10393	17.66	11155	4.04	48786	NA	63.27	3.47
"3,741"	32109878	5000	1	32109878	4842397	15.08	4	15500	33.19	351	NA	NA	1.28	9075	NA	83.7	2.6
382	20493012	500	1	20493012	623926	3.04	NA	NA	11.04	169	NA	NA	0.87	2139	NA	39.21	4.04
"1,575"	42008577	1000	1	42008577	4655923	11.08	4	5600	8.78	427	NA	NA	0.34	11170	NA	39.21	4.04
"1,954"	80565149	1000	1	80565149	1789848	2.22	NA	NA	NA	-37	NA	NA	1.25	1937	NA	34.12	4.45
"2,314"	11570702	5000	1	11570702	1823612	15.76	NA	NA	3.07	6512	NA	NA	0.42	48177	NA	7.42	4.06
553	32446151	500	1	32446151	2108106	6.5	NA	NA	19.38	88	NA	NA	0.64	2668	NA	-30.14	2.68
"1,188"	12728534	5000	1	12728534	661096	5.19	NA	NA	2.88	3243	NA	NA	0.36	25570	NA	6.3	2.81
"9조 4,216"	533800000	100	1	533800000	107960533	20.22	3.75	18250	67.11	263	66.35	266	4.4	4015	NA	43.41	4.89
"1조 7,474"	52240638	500	1	52240638	3829254	7.33	4	52800	88.73	377	91.64	365	10.18	3285	NA	99.27	0.31
820	12000000	500	1	12000000	166579	1.39	NA	NA	14.2	481	NA	NA	1.07	6364	NA	11.67	3.18
"7,688"	6926154	5000	1	6926154	157923	2.28	4	110000	7.54	14724	NA	NA	0.59	188129	NA	34.12	4.45
556	24882353	500	1	24882353	141521	0.57	NA	NA	NA	-334	NA	NA	0.33	6721	NA	41.1	2.67
"5,694"	16821290	5000	1	16821290	81426	0.48	3	25000	11.15	3037	NA	NA	2.54	13342	NA	34.12	4.45
"3,098"	28815780	1000	1	28815780	1043369	3.62	NA	NA	11.23	957	NA	NA	0.24	45216	NA	34.12	4.45
"1조 2,690"	45000000	200	1	45000000	4988937	11.09	3.6	34800	10.47	2694	10.76	2622	1.23	22983	NA	71.48	0.6
"6,478"	38220000	200	1	38220000	1058630	2.77	3.5	21000	26.99	628	NA	NA	1.33	12750	NA	71.48	0.6
"1,405"	32600000	500	1	32600000	544355	1.67	NA	NA	10.39	415	NA	NA	1.49	2889	NA	71.48	0.6
"6,868"	14947628	5000	1	14947628	2436858	16.3	3.75	57000	29.88	1538	3.58	12835	0.64	71751	NA	11.67	3.18
"5,804"	83274281	5000	1	83274281	17425789	20.93	NA	NA	2.57	2709	NA	NA	1.66	4205	NA	7.42	4.06
"1,351"	29529812	5000	1	29529812	575688	1.95	NA	NA	60.2	76	NA	NA	0.36	12837	NA	19.16	1.29
"4조 3,203"	66262510	2500	1	66262510	10165854	15.34	2.33	31333	NA	-6063	-17.93	-3637	4.49	14526	NA	-4.92	2.65
"1,059"	66790269	500	1	66790269	384608	0.58	NA	NA	NA	-268	NA	NA	2.19	723	NA	4.24	0.49
"1,325"	59667486	500	1	59667486	110962	0.19	NA	NA	14.05	158	NA	NA	1.41	1569	NA	14.27	2.38
"2조 3,425"	74958735	5000	1	74958735	14886934	19.86	3.88	35375	12.73	2454	7.17	4360	0.57	54354	NA	13.15	1.53
"2조 6,230"	868530000	5000	1	868530000	64203154	7.39	3.42	2225	11.48	263	8.16	370	0.16	18434	NA	13.15	1.53
"4,232"	116738915	5000	1	116738915	7996486	6.85	3.5	4420	NA	-36	NA	NA	0.22	16215	NA	7.1	0.65
"8조 8,245"	159864497	5000	1	159864497	31138750	19.48	3.94	60896	NA	-545	18.67	2957	1.46	37731	NA	63.27	3.47
2조 944	110230389	5000	1	110230389	2888750	2.62	4	19000	26.91	706	29.87	636	2.12	8978	NA	40.99	1.41
"1조 9,822"	50630000	5000	1	50630000	9593788	18.95	4	40071	27.45	1426	19.64	1993	0.78	50024	NA	40.99	1.41
"6,158"	214547775	5000	1	214547775	11381081	5.3	NA	NA	8.62	333	NA	NA	0.51	5575	NA	6.3	2.81
"5,134"	17000000	5000	1	17000000	496090	2.92	4	27250	15.46	1954	12.93	2335	2.23	13549	NA	21.24	2.04
"2,350"	29116822	500	1	29116822	162577	0.56	NA	NA	NA	-496	NA	NA	0.81	9906	NA	27.45	1.17
"1,799"	21863268	500	1	21863268	178511	0.82	NA	NA	36.58	225	NA	NA	0.58	14216	NA	43.41	4.89
5조 277	111355765	5000	1	111355765	21246916	19.08	4	50381	22.01	2051	17.17	2629	0.74	60646	NA	7.42	4.06
"7,289"	19700793	5000	1	19700793	2569749	13.04	3.8	39500	NA	-1148	34.64	1068	0.57	65002	NA	-30.14	2.68
"8,598"	97704482	500	1	97704482	10528837	10.78	4	11375	20.66	426	10.06	875	0.44	20075	NA	121.21	1.77
7조 875	37500000	500	1	37500000	13122056	34.99	3.79	215500	10.62	17793	12.08	15646	1.44	131348	NA	11.67	3.18
"2조 2,702"	109142293	5000	1	109142293	5244314	4.81	3.5	18783	NA	-1761	66.67	312	1.68	12404	NA	-30.14	2.68
"3,388"	20535282	1000	1	20535282	968895	4.72	4	24333	13.61	1212	10.81	1527	0.69	23844	NA	21.31	0.98
"32조 7,939"	95054694	5000	1	95054694	40129956	42.22	4	391667	21.04	16398	19.21	17964	0.97	354526	NA	43.41	4.89
"1조 9,612"	39942149	5000	1	39942149	5243316	13.13	3.92	52125	42.25	1162	28.98	1694	0.83	59115	NA	-22.81	0.98
"1조 8,628"	23402441	5000	1	23402441	3400475	14.53	4	95158	16.31	4881	17	4682	0.41	192456	NA	-27.68	2
"1,719"	15078811	5000	1	15078811	937957	6.22	NA	NA	9.91	1150	NA	NA	0.42	27445	NA	21.46	3.4
"2,467"	32000000	500	1	32000000	971669	3.04	NA	NA	120.47	64	NA	NA	2.4	3217	NA	99.27	0.31
"4,665"	11200000	5000	1	11200000	234184	2.09	4	46000	14.94	2788	NA	NA	1.48	28208	NA	-38.05	3.72
"1조 7,755"	40815191	5000	1	40815191	10430437	25.56	4	54500	19.48	2233	21.48	2025	1.8	24203	NA	-30.14	2.68
"2조 6,040"	21000000	500	1	21000000	235865	1.12	4	101200	45.31	2737	41.07	3019	4.85	25573	NA	25.31	1.67
"2조 4,095"	27195083	5000	1	27195083	3045986	11.2	3.67	77500	19.14	4628	16.63	5328	0.74	120437	NA	43.41	4.89
"6,795"	36047135	5000	1	36047135	3564952	9.89	4	21000	NA	-5231	-4712.5	-4	0.99	18969	NA	-216.96	3.18
"55조 8,742"	213668187	5000	1	213668187	66249668	31.01	4	278684	62.49	4185	40.11	6520	0.99	265325	NA	54.34	11.24
6조 584	133445785	5000	1	133445785	26249172	19.67	4	46059	NA	-1846	-41.88	-1084	0.36	125533	NA	41.1	2.67
"2,269"	13228966	5000	1	13228966	846335	6.4	4	20000	8.94	1919	NA	NA	0.59	29117	NA	9.29	5.26
"4조 2,340"	15798617	5000	1	15798617	2792727	17.68	4	346000	NA	-16507	-22.86	-11722	0.51	522485	NA	-12.33	4.48
"4,239"	29337111	5000	1	29337111	1464383	4.99	NA	NA	5.41	2669	NA	NA	0.52	27648	NA	6.3	2.81
"1,010"	9100836	5000	1	9100836	241500	2.65	4	14000	7.01	1584	NA	NA	0.5	22038	NA	121.21	1.77
"4,205"	112876596	500	1	55309533	17673841	31.95	4	5000	12.67	294	NA	NA	0.54	6914	NA	-18.79	3.6
"1조 9,310"	89400000	500	1	89400000	33120963	37.05	4	31538	5.3	4075	5.02	4306	0.34	63157	NA	7.1	0.65
"9,588"	12000000	5000	1	5880000	3343060	56.85	4	105273	10.66	7494	6.55	12205	0.51	157495	NA	19.01	0.77
"1,558"	31154798	500	1	31154798	0	0	NA	NA	192.31	26	NA	NA	2.49	2007	NA	30.14	2.17
689	12712747	500	1	12712747	389302	3.06	NA	NA	25.21	215	NA	NA	0.56	9607	NA	-30.14	2.68
742	8000000	500	1	8000000	205226	2.57	NA	NA	NA	-1732	NA	NA	0.65	14341	NA	30.14	2.17
"3조 3,086"	39248121	5000	1	39248121	7760543	19.77	3.71	94588	NA	-3295	-18.94	-4451	4.34	19444	NA	-25.11	1.1
"1,550"	12450800	5000	1	12450800	1410420	11.33	NA	NA	3.59	3467	NA	NA	0.38	32663	NA	7.42	4.06
"1,678"	69044875	500	1	69044875	1573207	2.28	NA	NA	NA	-203	NA	NA	0.6	4019	NA	43.41	4.89
"8,112"	60536670	500	1	60536670	2608740	4.31	4	17500	19.09	702	23.8	563	1.58	8497	NA	30.14	2.17
"3,817"	55320000	500	1	55320000	9921528	17.93	NA	NA	9.76	707	NA	NA	1.08	6415	NA	30.14	2.17
"1,388"	34920410	500	1	34920410	801131	2.29	NA	NA	NA	-1813	NA	NA	0.52	7593	NA	43.41	4.89
854	29550000	500	1	29550000	476282	1.61	NA	NA	NA	-383	NA	NA	1.01	2874	NA	41.1	2.67
564	22000000	500	1	22000000	173713	0.79	NA	NA	NA	-334	NA	NA	0.42	6095	NA	-30.14	2.68
717	2200000	5000	1	2200000	175389	7.97	NA	NA	29.03	1123	NA	NA	0.24	135077	NA	-30.14	2.68
"3,227"	18600070	500	1	18600070	2654320	14.27	4	21000	14.8	1172	NA	NA	0.92	18925	NA	99.27	0.31
"1,194"	14000000	500	1	14000000	379778	2.71	NA	NA	12.75	669	NA	NA	0.45	19075	NA	21.46	3.4
"1조 5,719"	21071025	5000	1	21071025	1361432	6.46	4	100000	NA	-2133	NA	NA	0.66	112329	NA	29.15	1.43
"2,358"	11558200	500	1	11558200	109046	0.94	NA	NA	19.34	1055	NA	NA	4.77	4273	NA	25.05	1.32
"6,182"	9324548	5000	1	9324548	623493	6.69	4	80333	46.79	1417	285.78	232	0.69	95677	NA	-216.96	3.18
"7,325"	4479948	5000	1	4479948	389093	8.69	3.83	176000	NA	-14931	-30.73	-5320	2.37	69111	NA	63.27	3.47
1조 884	4327682	5000	1	4327682	778336	17.99	4	296000	12.77	19700	13.21	19036	2.06	121989	NA	30.14	2.17
"5,439"	3190126	5000	1	3190126	281236	8.82	4	201125	155.42	1097	46.09	3699	1.24	137696	NA	63.27	3.47
"1조 2,178"	92606819	500	1	92606819	4192436	4.53	4	14000	NA	-55	NA	NA	5.66	2324	NA	63.27	3.47
"2조 8,736"	60752222	1000	1	60752222	29551624	48.64	4	58455	15.95	2966	14.91	3173	2.07	22900	NA	30.14	2.17
853	14116015	5000	1	14116015	3304478	23.41	NA	NA	NA	-431	NA	NA	0.72	8389	NA	40.99	1.41
"2,732"	34500000	5000	1	34500000	1214235	3.52	4	11000	10.25	773	NA	NA	0.62	12821	NA	30.14	2.17
590	7621668	5000	1	7621668	228865	3	NA	NA	NA	-2448	NA	NA	0.15	51984	NA	41.1	2.67
1조 77	40878588	1000	1	40878588	3501873	8.57	3.75	30500	20.91	1179	13.79	1788	1.42	17352	NA	63.27	3.47
"2,101"	64242645	5000	1	64242645	1233684	1.92	NA	NA	14.16	231	NA	NA	0.28	11810	NA	7.1	0.65
301	116732559	500	1	116732559	26880524	23.03	NA	NA	NA	-239	NA	NA	2.8	92	NA	111.6	5.52
